Workbook

Sheet ★ Ablation-Study
A1: Model | B1: Config | C1: Spalte2 | D1: Spalte1 | E1: Avg Accuracy [%] | F1: Std Accuracy [%] | G1: Min Accuracy [%] | H1: Max Accuracy [%] | I1: Avg Cost [USD] | J1: Total Cost [USD] | K1: Avg Duration [s] | L1: Avg Total Tokens | M1: Avg Input Tokens | N1: Avg Output Tokens | O1: Cost per Acc Point | P1: Runs | Q1: Evaluated Layers
A2: gpt-4o-mini | B2: C8_BatchFiltered_NoName | C2: =_xlfn.XLOOKUP(Tabelle2[[#This Row],[Config]],Tabelle2!$A$1:$A$8,Tabelle2!$B$1:$B$8) -> P7 | D2: =Tabelle2[[#This Row],[Model]] & " | " & Tabelle2[[#This Row],[Spalte2]] -> gpt-4o-mini | P7 | E2: =SUMPRODUCT(('Benchmark-Runs'!$X$2:$X$161=A2&"_"&B2)*('Benchmark-Runs'!$W$2:$W$161))/COUNTIF('Benchmark-Runs'!$X$2:$X$161,A2&"_"&B2) -> 80 | F2: =IFERROR(SQRT(SUMPRODUCT(('Benchmark-Runs'!$X$2:$X$161=A2&"_"&B2)*('Benchmark-Runs'!$W$2:$W$161)^2)/COUNTIF('Benchmark-Runs'!$X$2:$X$161,A2&"_"&B2)-(SUMPRODUCT(('Benchmark-Runs'!$X$2:$X$161=A2&"_"&B2)*('Benchmark-Runs'!$W$2:$W$161))/COUNTIF('Benchmark-Runs'!$X$2:$X$161,A2&"_"&B2))^2),0) -> 16.329932 | G2: =_xlfn.SINGLE(_xlfn.MINIFS('Benchmark-Runs'!$W$2:$W$161,'Benchmark-Runs'!$X$2:$X$161,A2&"_"&B2)) -> 66.666667 | H2: =_xlfn.SINGLE(_xlfn.MAXIFS('Benchmark-Runs'!$W$2:$W$161,'Benchmark-Runs'!$X$2:$X$161,A2&"_"&B2)) -> 100 | I2: =SUMPRODUCT(('Benchmark-Runs'!$X$2:$X$161=A2&"_"&B2)*('Benchmark-Runs'!$F$2:$F$161))/COUNTIF('Benchmark-Runs'!$X$2:$X$161,A2&"_"&B2) -> 0.0009244 | J2: =SUMPRODUCT(('Benchmark-Runs'!$X$2:$X$161=A2&"_"&B2)*('Benchmark-Runs'!$F$2:$F$161)) -> 0.004622 | K2: =SUMPRODUCT(('Benchmark-Runs'!$X$2:$X$161=A2&"_"&B2)*('Benchmark-Runs'!$E$2:$E$161))/COUNTIF('Benchmark-Runs'!$X$2:$X$161,A2&"_"&B2) -> 9.282 | L2: =SUMPRODUCT(('Benchmark-Runs'!$X$2:$X$161=A2&"_"&B2)*('Benchmark-Runs'!$I$2:$I$161))/COUNTIF('Benchmark-Runs'!$X$2:$X$161,A2&"_"&B2) -> 4854.8 | M2: =SUMPRODUCT(('Benchmark-Runs'!$X$2:$X$161=A2&"_"&B2)*('Benchmark-Runs'!$G$2:$G$161))/COUNTIF('Benchmark-Runs'!$X$2:$X$161,A2&"_"&B2) -> 4419 | N2: =SUMPRODUCT(('Benchmark-Runs'!$X$2:$X$161=A2&"_"&B2)*('Benchmark-Runs'!$H$2:$H$161))/COUNTIF('Benchmark-Runs'!$X$2:$X$161,A2&"_"&B2) -> 435.8 | O2: =IFERROR(I2/E2,"-") -> 1.1555e-05 | P2: =COUNTIF('Benchmark-Runs'!$X$2:$X$161,A2&"_"&B2) -> 5 | Q2: =IFERROR(SUMPRODUCT(('Benchmark-Runs'!$X$2:$X$161=A2&"_"&B2)*('Benchmark-Runs'!$V$2:$V$161))/COUNTIF('Benchmark-Runs'!$X$2:$X$161,A2&"_"&B2),"-") -> 3
A3: gpt-4o-mini | B3: C5_BatchFiltered | C3: =_xlfn.XLOOKUP(Tabelle2[[#This Row],[Config]],Tabelle2!$A$1:$A$8,Tabelle2!$B$1:$B$8) -> P8 | D3: =Tabelle2[[#This Row],[Model]] & " | " & Tabelle2[[#This Row],[Spalte2]] -> gpt-4o-mini | P8 | E3: =SUMPRODUCT(('Benchmark-Runs'!$X$2:$X$161=A3&"_"&B3)*('Benchmark-Runs'!$W$2:$W$161))/COUNTIF('Benchmark-Runs'!$X$2:$X$161,A3&"_"&B3) -> 66.666667 | F3: =IFERROR(SQRT(SUMPRODUCT(('Benchmark-Runs'!$X$2:$X$161=A3&"_"&B3)*('Benchmark-Runs'!$W$2:$W$161)^2)/COUNTIF('Benchmark-Runs'!$X$2:$X$161,A3&"_"&B3)-(SUMPRODUCT(('Benchmark-Runs'!$X$2:$X$161=A3&"_"&B3)*('Benchmark-Runs'!$W$2:$W$161))/COUNTIF('Benchmark-Runs'!$X$2:$X$161,A3&"_"&B3))^2),0) -> 0 | G3: =_xlfn.SINGLE(_xlfn.MINIFS('Benchmark-Runs'!$W$2:$W$161,'Benchmark-Runs'!$X$2:$X$161,A3&"_"&B3)) -> 66.666667 | H3: =_xlfn.SINGLE(_xlfn.MAXIFS('Benchmark-Runs'!$W$2:$W$161,'Benchmark-Runs'!$X$2:$X$161,A3&"_"&B3)) -> 66.666667 | I3: =SUMPRODUCT(('Benchmark-Runs'!$X$2:$X$161=A3&"_"&B3)*('Benchmark-Runs'!$F$2:$F$161))/COUNTIF('Benchmark-Runs'!$X$2:$X$161,A3&"_"&B3) -> 0.000941 | J3: =SUMPRODUCT(('Benchmark-Runs'!$X$2:$X$161=A3&"_"&B3)*('Benchmark-Runs'!$F$2:$F$161)) -> 0.004705 | K3: =SUMPRODUCT(('Benchmark-Runs'!$X$2:$X$161=A3&"_"&B3)*('Benchmark-Runs'!$E$2:$E$161))/COUNTIF('Benchmark-Runs'!$X$2:$X$161,A3&"_"&B3) -> 8.8 | L3: =SUMPRODUCT(('Benchmark-Runs'!$X$2:$X$161=A3&"_"&B3)*('Benchmark-Runs'!$I$2:$I$161))/COUNTIF('Benchmark-Runs'!$X$2:$X$161,A3&"_"&B3) -> 4882.8 | M3: =SUMPRODUCT(('Benchmark-Runs'!$X$2:$X$161=A3&"_"&B3)*('Benchmark-Runs'!$G$2:$G$161))/COUNTIF('Benchmark-Runs'!$X$2:$X$161,A3&"_"&B3) -> 4419 | N3: =SUMPRODUCT(('Benchmark-Runs'!$X$2:$X$161=A3&"_"&B3)*('Benchmark-Runs'!$H$2:$H$161))/COUNTIF('Benchmark-Runs'!$X$2:$X$161,A3&"_"&B3) -> 463.8 | O3: =IFERROR(I3/E3,"-") -> 1.4115e-05 | P3: =COUNTIF('Benchmark-Runs'!$X$2:$X$161,A3&"_"&B3) -> 5 | Q3: =IFERROR(SUMPRODUCT(('Benchmark-Runs'!$X$2:$X$161=A3&"_"&B3)*('Benchmark-Runs'!$V$2:$V$161))/COUNTIF('Benchmark-Runs'!$X$2:$X$161,A3&"_"&B3),"-") -> 3
A4: gpt-4o-mini | B4: C7_FilterOnly | C4: =_xlfn.XLOOKUP(Tabelle2[[#This Row],[Config]],Tabelle2!$A$1:$A$8,Tabelle2!$B$1:$B$8) -> P3 | D4: =Tabelle2[[#This Row],[Model]] & " | " & Tabelle2[[#This Row],[Spalte2]] -> gpt-4o-mini | P3 | E4: =SUMPRODUCT(('Benchmark-Runs'!$X$2:$X$161=A4&"_"&B4)*('Benchmark-Runs'!$W$2:$W$161))/COUNTIF('Benchmark-Runs'!$X$2:$X$161,A4&"_"&B4) -> 100 | F4: =IFERROR(SQRT(SUMPRODUCT(('Benchmark-Runs'!$X$2:$X$161=A4&"_"&B4)*('Benchmark-Runs'!$W$2:$W$161)^2)/COUNTIF('Benchmark-Runs'!$X$2:$X$161,A4&"_"&B4)-(SUMPRODUCT(('Benchmark-Runs'!$X$2:$X$161=A4&"_"&B4)*('Benchmark-Runs'!$W$2:$W$161))/COUNTIF('Benchmark-Runs'!$X$2:$X$161,A4&"_"&B4))^2),0) -> 0 | G4: =_xlfn.SINGLE(_xlfn.MINIFS('Benchmark-Runs'!$W$2:$W$161,'Benchmark-Runs'!$X$2:$X$161,A4&"_"&B4)) -> 100 | H4: =_xlfn.SINGLE(_xlfn.MAXIFS('Benchmark-Runs'!$W$2:$W$161,'Benchmark-Runs'!$X$2:$X$161,A4&"_"&B4)) -> 100 | I4: =SUMPRODUCT(('Benchmark-Runs'!$X$2:$X$161=A4&"_"&B4)*('Benchmark-Runs'!$F$2:$F$161))/COUNTIF('Benchmark-Runs'!$X$2:$X$161,A4&"_"&B4) -> 0.001412 | J4: =SUMPRODUCT(('Benchmark-Runs'!$X$2:$X$161=A4&"_"&B4)*('Benchmark-Runs'!$F$2:$F$161)) -> 0.00706 | K4: =SUMPRODUCT(('Benchmark-Runs'!$X$2:$X$161=A4&"_"&B4)*('Benchmark-Runs'!$E$2:$E$161))/COUNTIF('Benchmark-Runs'!$X$2:$X$161,A4&"_"&B4) -> 13.176 | L4: =SUMPRODUCT(('Benchmark-Runs'!$X$2:$X$161=A4&"_"&B4)*('Benchmark-Runs'!$I$2:$I$161))/COUNTIF('Benchmark-Runs'!$X$2:$X$161,A4&"_"&B4) -> 7285.4 | M4: =SUMPRODUCT(('Benchmark-Runs'!$X$2:$X$161=A4&"_"&B4)*('Benchmark-Runs'!$G$2:$G$161))/COUNTIF('Benchmark-Runs'!$X$2:$X$161,A4&"_"&B4) -> 6576 | N4: =SUMPRODUCT(('Benchmark-Runs'!$X$2:$X$161=A4&"_"&B4)*('Benchmark-Runs'!$H$2:$H$161))/COUNTIF('Benchmark-Runs'!$X$2:$X$161,A4&"_"&B4) -> 709.4 | O4: =IFERROR(I4/E4,"-") -> 1.412e-05 | P4: =COUNTIF('Benchmark-Runs'!$X$2:$X$161,A4&"_"&B4) -> 5 | Q4: =IFERROR(SUMPRODUCT(('Benchmark-Runs'!$X$2:$X$161=A4&"_"&B4)*('Benchmark-Runs'!$V$2:$V$161))/COUNTIF('Benchmark-Runs'!$X$2:$X$161,A4&"_"&B4),"-") -> 3
A5: gpt-4o-mini | B5: C2_Precision | C5: =_xlfn.XLOOKUP(Tabelle2[[#This Row],[Config]],Tabelle2!$A$1:$A$8,Tabelle2!$B$1:$B$8) -> P6 | D5: =Tabelle2[[#This Row],[Model]] & " | " & Tabelle2[[#This Row],[Spalte2]] -> gpt-4o-mini | P6 | E5: =SUMPRODUCT(('Benchmark-Runs'!$X$2:$X$161=A5&"_"&B5)*('Benchmark-Runs'!$W$2:$W$161))/COUNTIF('Benchmark-Runs'!$X$2:$X$161,A5&"_"&B5) -> 73.333333 | F5: =IFERROR(SQRT(SUMPRODUCT(('Benchmark-Runs'!$X$2:$X$161=A5&"_"&B5)*('Benchmark-Runs'!$W$2:$W$161)^2)/COUNTIF('Benchmark-Runs'!$X$2:$X$161,A5&"_"&B5)-(SUMPRODUCT(('Benchmark-Runs'!$X$2:$X$161=A5&"_"&B5)*('Benchmark-Runs'!$W$2:$W$161))/COUNTIF('Benchmark-Runs'!$X$2:$X$161,A5&"_"&B5))^2),0) -> 13.333333 | G5: =_xlfn.SINGLE(_xlfn.MINIFS('Benchmark-Runs'!$W$2:$W$161,'Benchmark-Runs'!$X$2:$X$161,A5&"_"&B5)) -> 66.666667 | H5: =_xlfn.SINGLE(_xlfn.MAXIFS('Benchmark-Runs'!$W$2:$W$161,'Benchmark-Runs'!$X$2:$X$161,A5&"_"&B5)) -> 100 | I5: =SUMPRODUCT(('Benchmark-Runs'!$X$2:$X$161=A5&"_"&B5)*('Benchmark-Runs'!$F$2:$F$161))/COUNTIF('Benchmark-Runs'!$X$2:$X$161,A5&"_"&B5) -> 0.00139 | J5: =SUMPRODUCT(('Benchmark-Runs'!$X$2:$X$161=A5&"_"&B5)*('Benchmark-Runs'!$F$2:$F$161)) -> 0.00695 | K5: =SUMPRODUCT(('Benchmark-Runs'!$X$2:$X$161=A5&"_"&B5)*('Benchmark-Runs'!$E$2:$E$161))/COUNTIF('Benchmark-Runs'!$X$2:$X$161,A5&"_"&B5) -> 14.016 | L5: =SUMPRODUCT(('Benchmark-Runs'!$X$2:$X$161=A5&"_"&B5)*('Benchmark-Runs'!$I$2:$I$161))/COUNTIF('Benchmark-Runs'!$X$2:$X$161,A5&"_"&B5) -> 7248.6 | M5: =SUMPRODUCT(('Benchmark-Runs'!$X$2:$X$161=A5&"_"&B5)*('Benchmark-Runs'!$G$2:$G$161))/COUNTIF('Benchmark-Runs'!$X$2:$X$161,A5&"_"&B5) -> 6576 | N5: =SUMPRODUCT(('Benchmark-Runs'!$X$2:$X$161=A5&"_"&B5)*('Benchmark-Runs'!$H$2:$H$161))/COUNTIF('Benchmark-Runs'!$X$2:$X$161,A5&"_"&B5) -> 672.6 | O5: =IFERROR(I5/E5,"-") -> 1.8954545e-05 | P5: =COUNTIF('Benchmark-Runs'!$X$2:$X$161,A5&"_"&B5) -> 5 | Q5: =IFERROR(SUMPRODUCT(('Benchmark-Runs'!$X$2:$X$161=A5&"_"&B5)*('Benchmark-Runs'!$V$2:$V$161))/COUNTIF('Benchmark-Runs'!$X$2:$X$161,A5&"_"&B5),"-") -> 3
A6: gpt-4o-mini | B6: C6_BatchOnly | C6: =_xlfn.XLOOKUP(Tabelle2[[#This Row],[Config]],Tabelle2!$A$1:$A$8,Tabelle2!$B$1:$B$8) -> P2 | D6: =Tabelle2[[#This Row],[Model]] & " | " & Tabelle2[[#This Row],[Spalte2]] -> gpt-4o-mini | P2 | E6: =SUMPRODUCT(('Benchmark-Runs'!$X$2:$X$161=A6&"_"&B6)*('Benchmark-Runs'!$W$2:$W$161))/COUNTIF('Benchmark-Runs'!$X$2:$X$161,A6&"_"&B6) -> 100 | F6: =IFERROR(SQRT(SUMPRODUCT(('Benchmark-Runs'!$X$2:$X$161=A6&"_"&B6)*('Benchmark-Runs'!$W$2:$W$161)^2)/COUNTIF('Benchmark-Runs'!$X$2:$X$161,A6&"_"&B6)-(SUMPRODUCT(('Benchmark-Runs'!$X$2:$X$161=A6&"_"&B6)*('Benchmark-Runs'!$W$2:$W$161))/COUNTIF('Benchmark-Runs'!$X$2:$X$161,A6&"_"&B6))^2),0) -> 0 | G6: =_xlfn.SINGLE(_xlfn.MINIFS('Benchmark-Runs'!$W$2:$W$161,'Benchmark-Runs'!$X$2:$X$161,A6&"_"&B6)) -> 100 | H6: =_xlfn.SINGLE(_xlfn.MAXIFS('Benchmark-Runs'!$W$2:$W$161,'Benchmark-Runs'!$X$2:$X$161,A6&"_"&B6)) -> 100 | I6: =SUMPRODUCT(('Benchmark-Runs'!$X$2:$X$161=A6&"_"&B6)*('Benchmark-Runs'!$F$2:$F$161))/COUNTIF('Benchmark-Runs'!$X$2:$X$161,A6&"_"&B6) -> 0.0038786 | J6: =SUMPRODUCT(('Benchmark-Runs'!$X$2:$X$161=A6&"_"&B6)*('Benchmark-Runs'!$F$2:$F$161)) -> 0.019393 | K6: =SUMPRODUCT(('Benchmark-Runs'!$X$2:$X$161=A6&"_"&B6)*('Benchmark-Runs'!$E$2:$E$161))/COUNTIF('Benchmark-Runs'!$X$2:$X$161,A6&"_"&B6) -> 12.966 | L6: =SUMPRODUCT(('Benchmark-Runs'!$X$2:$X$161=A6&"_"&B6)*('Benchmark-Runs'!$I$2:$I$161))/COUNTIF('Benchmark-Runs'!$X$2:$X$161,A6&"_"&B6) -> 23724.8 | M6: =SUMPRODUCT(('Benchmark-Runs'!$X$2:$X$161=A6&"_"&B6)*('Benchmark-Runs'!$G$2:$G$161))/COUNTIF('Benchmark-Runs'!$X$2:$X$161,A6&"_"&B6) -> 23014 | N6: =SUMPRODUCT(('Benchmark-Runs'!$X$2:$X$161=A6&"_"&B6)*('Benchmark-Runs'!$H$2:$H$161))/COUNTIF('Benchmark-Runs'!$X$2:$X$161,A6&"_"&B6) -> 710.8 | O6: =IFERROR(I6/E6,"-") -> 3.8786e-05 | P6: =COUNTIF('Benchmark-Runs'!$X$2:$X$161,A6&"_"&B6) -> 5 | Q6: =IFERROR(SUMPRODUCT(('Benchmark-Runs'!$X$2:$X$161=A6&"_"&B6)*('Benchmark-Runs'!$V$2:$V$161))/COUNTIF('Benchmark-Runs'!$X$2:$X$161,A6&"_"&B6),"-") -> 3
A7: gpt-5-nano | B7: C8_BatchFiltered_NoName | C7: =_xlfn.XLOOKUP(Tabelle2[[#This Row],[Config]],Tabelle2!$A$1:$A$8,Tabelle2!$B$1:$B$8) -> P7 | D7: =Tabelle2[[#This Row],[Model]] & " | " & Tabelle2[[#This Row],[Spalte2]] -> gpt-5-nano | P7 | E7: =SUMPRODUCT(('Benchmark-Runs'!$X$2:$X$161=A7&"_"&B7)*('Benchmark-Runs'!$W$2:$W$161))/COUNTIF('Benchmark-Runs'!$X$2:$X$161,A7&"_"&B7) -> 86.666667 | F7: =IFERROR(SQRT(SUMPRODUCT(('Benchmark-Runs'!$X$2:$X$161=A7&"_"&B7)*('Benchmark-Runs'!$W$2:$W$161)^2)/COUNTIF('Benchmark-Runs'!$X$2:$X$161,A7&"_"&B7)-(SUMPRODUCT(('Benchmark-Runs'!$X$2:$X$161=A7&"_"&B7)*('Benchmark-Runs'!$W$2:$W$161))/COUNTIF('Benchmark-Runs'!$X$2:$X$161,A7&"_"&B7))^2),0) -> 16.329932 | G7: =_xlfn.SINGLE(_xlfn.MINIFS('Benchmark-Runs'!$W$2:$W$161,'Benchmark-Runs'!$X$2:$X$161,A7&"_"&B7)) -> 66.666667 | H7: =_xlfn.SINGLE(_xlfn.MAXIFS('Benchmark-Runs'!$W$2:$W$161,'Benchmark-Runs'!$X$2:$X$161,A7&"_"&B7)) -> 100 | I7: =SUMPRODUCT(('Benchmark-Runs'!$X$2:$X$161=A7&"_"&B7)*('Benchmark-Runs'!$F$2:$F$161))/COUNTIF('Benchmark-Runs'!$X$2:$X$161,A7&"_"&B7) -> 0.0036 | J7: =SUMPRODUCT(('Benchmark-Runs'!$X$2:$X$161=A7&"_"&B7)*('Benchmark-Runs'!$F$2:$F$161)) -> 0.018 | K7: =SUMPRODUCT(('Benchmark-Runs'!$X$2:$X$161=A7&"_"&B7)*('Benchmark-Runs'!$E$2:$E$161))/COUNTIF('Benchmark-Runs'!$X$2:$X$161,A7&"_"&B7) -> 58.114 | L7: =SUMPRODUCT(('Benchmark-Runs'!$X$2:$X$161=A7&"_"&B7)*('Benchmark-Runs'!$I$2:$I$161))/COUNTIF('Benchmark-Runs'!$X$2:$X$161,A7&"_"&B7) -> 12866 | M7: =SUMPRODUCT(('Benchmark-Runs'!$X$2:$X$161=A7&"_"&B7)*('Benchmark-Runs'!$G$2:$G$161))/COUNTIF('Benchmark-Runs'!$X$2:$X$161,A7&"_"&B7) -> 4418 | N7: =SUMPRODUCT(('Benchmark-Runs'!$X$2:$X$161=A7&"_"&B7)*('Benchmark-Runs'!$H$2:$H$161))/COUNTIF('Benchmark-Runs'!$X$2:$X$161,A7&"_"&B7) -> 8448 | O7: =IFERROR(I7/E7,"-") -> 4.1538462e-05 | P7: =COUNTIF('Benchmark-Runs'!$X$2:$X$161,A7&"_"&B7) -> 5 | Q7: =IFERROR(SUMPRODUCT(('Benchmark-Runs'!$X$2:$X$161=A7&"_"&B7)*('Benchmark-Runs'!$V$2:$V$161))/COUNTIF('Benchmark-Runs'!$X$2:$X$161,A7&"_"&B7),"-") -> 3
A8: gpt-4o-mini | B8: C1_Hybrid | C8: =_xlfn.XLOOKUP(Tabelle2[[#This Row],[Config]],Tabelle2!$A$1:$A$8,Tabelle2!$B$1:$B$8) -> P5 | D8: =Tabelle2[[#This Row],[Model]] & " | " & Tabelle2[[#This Row],[Spalte2]] -> gpt-4o-mini | P5 | E8: =SUMPRODUCT(('Benchmark-Runs'!$X$2:$X$161=A8&"_"&B8)*('Benchmark-Runs'!$W$2:$W$161))/COUNTIF('Benchmark-Runs'!$X$2:$X$161,A8&"_"&B8) -> 73.333333 | F8: =IFERROR(SQRT(SUMPRODUCT(('Benchmark-Runs'!$X$2:$X$161=A8&"_"&B8)*('Benchmark-Runs'!$W$2:$W$161)^2)/COUNTIF('Benchmark-Runs'!$X$2:$X$161,A8&"_"&B8)-(SUMPRODUCT(('Benchmark-Runs'!$X$2:$X$161=A8&"_"&B8)*('Benchmark-Runs'!$W$2:$W$161))/COUNTIF('Benchmark-Runs'!$X$2:$X$161,A8&"_"&B8))^2),0) -> 13.333333 | G8: =_xlfn.SINGLE(_xlfn.MINIFS('Benchmark-Runs'!$W$2:$W$161,'Benchmark-Runs'!$X$2:$X$161,A8&"_"&B8)) -> 66.666667 | H8: =_xlfn.SINGLE(_xlfn.MAXIFS('Benchmark-Runs'!$W$2:$W$161,'Benchmark-Runs'!$X$2:$X$161,A8&"_"&B8)) -> 100 | I8: =SUMPRODUCT(('Benchmark-Runs'!$X$2:$X$161=A8&"_"&B8)*('Benchmark-Runs'!$F$2:$F$161))/COUNTIF('Benchmark-Runs'!$X$2:$X$161,A8&"_"&B8) -> 0.0039116 | J8: =SUMPRODUCT(('Benchmark-Runs'!$X$2:$X$161=A8&"_"&B8)*('Benchmark-Runs'!$F$2:$F$161)) -> 0.019558 | K8: =SUMPRODUCT(('Benchmark-Runs'!$X$2:$X$161=A8&"_"&B8)*('Benchmark-Runs'!$E$2:$E$161))/COUNTIF('Benchmark-Runs'!$X$2:$X$161,A8&"_"&B8) -> 14.092 | L8: =SUMPRODUCT(('Benchmark-Runs'!$X$2:$X$161=A8&"_"&B8)*('Benchmark-Runs'!$I$2:$I$161))/COUNTIF('Benchmark-Runs'!$X$2:$X$161,A8&"_"&B8) -> 23779.6 | M8: =SUMPRODUCT(('Benchmark-Runs'!$X$2:$X$161=A8&"_"&B8)*('Benchmark-Runs'!$G$2:$G$161))/COUNTIF('Benchmark-Runs'!$X$2:$X$161,A8&"_"&B8) -> 23014 | N8: =SUMPRODUCT(('Benchmark-Runs'!$X$2:$X$161=A8&"_"&B8)*('Benchmark-Runs'!$H$2:$H$161))/COUNTIF('Benchmark-Runs'!$X$2:$X$161,A8&"_"&B8) -> 765.6 | O8: =IFERROR(I8/E8,"-") -> 5.334e-05 | P8: =COUNTIF('Benchmark-Runs'!$X$2:$X$161,A8&"_"&B8) -> 5 | Q8: =IFERROR(SUMPRODUCT(('Benchmark-Runs'!$X$2:$X$161=A8&"_"&B8)*('Benchmark-Runs'!$V$2:$V$161))/COUNTIF('Benchmark-Runs'!$X$2:$X$161,A8&"_"&B8),"-") -> 3
A9: gpt-5-nano | B9: C6_BatchOnly | C9: =_xlfn.XLOOKUP(Tabelle2[[#This Row],[Config]],Tabelle2!$A$1:$A$8,Tabelle2!$B$1:$B$8) -> P2 | D9: =Tabelle2[[#This Row],[Model]] & " | " & Tabelle2[[#This Row],[Spalte2]] -> gpt-5-nano | P2 | E9: =SUMPRODUCT(('Benchmark-Runs'!$X$2:$X$161=A9&"_"&B9)*('Benchmark-Runs'!$W$2:$W$161))/COUNTIF('Benchmark-Runs'!$X$2:$X$161,A9&"_"&B9) -> 86.666667 | F9: =IFERROR(SQRT(SUMPRODUCT(('Benchmark-Runs'!$X$2:$X$161=A9&"_"&B9)*('Benchmark-Runs'!$W$2:$W$161)^2)/COUNTIF('Benchmark-Runs'!$X$2:$X$161,A9&"_"&B9)-(SUMPRODUCT(('Benchmark-Runs'!$X$2:$X$161=A9&"_"&B9)*('Benchmark-Runs'!$W$2:$W$161))/COUNTIF('Benchmark-Runs'!$X$2:$X$161,A9&"_"&B9))^2),0) -> 16.329932 | G9: =_xlfn.SINGLE(_xlfn.MINIFS('Benchmark-Runs'!$W$2:$W$161,'Benchmark-Runs'!$X$2:$X$161,A9&"_"&B9)) -> 66.666667 | H9: =_xlfn.SINGLE(_xlfn.MAXIFS('Benchmark-Runs'!$W$2:$W$161,'Benchmark-Runs'!$X$2:$X$161,A9&"_"&B9)) -> 100 | I9: =SUMPRODUCT(('Benchmark-Runs'!$X$2:$X$161=A9&"_"&B9)*('Benchmark-Runs'!$F$2:$F$161))/COUNTIF('Benchmark-Runs'!$X$2:$X$161,A9&"_"&B9) -> 0.0047094 | J9: =SUMPRODUCT(('Benchmark-Runs'!$X$2:$X$161=A9&"_"&B9)*('Benchmark-Runs'!$F$2:$F$161)) -> 0.023547 | K9: =SUMPRODUCT(('Benchmark-Runs'!$X$2:$X$161=A9&"_"&B9)*('Benchmark-Runs'!$E$2:$E$161))/COUNTIF('Benchmark-Runs'!$X$2:$X$161,A9&"_"&B9) -> 59.898 | L9: =SUMPRODUCT(('Benchmark-Runs'!$X$2:$X$161=A9&"_"&B9)*('Benchmark-Runs'!$I$2:$I$161))/COUNTIF('Benchmark-Runs'!$X$2:$X$161,A9&"_"&B9) -> 31910.4 | M9: =SUMPRODUCT(('Benchmark-Runs'!$X$2:$X$161=A9&"_"&B9)*('Benchmark-Runs'!$G$2:$G$161))/COUNTIF('Benchmark-Runs'!$X$2:$X$161,A9&"_"&B9) -> 23013 | N9: =SUMPRODUCT(('Benchmark-Runs'!$X$2:$X$161=A9&"_"&B9)*('Benchmark-Runs'!$H$2:$H$161))/COUNTIF('Benchmark-Runs'!$X$2:$X$161,A9&"_"&B9) -> 8897.4 | O9: =IFERROR(I9/E9,"-") -> 5.4339231e-05 | P9: =COUNTIF('Benchmark-Runs'!$X$2:$X$161,A9&"_"&B9) -> 5 | Q9: =IFERROR(SUMPRODUCT(('Benchmark-Runs'!$X$2:$X$161=A9&"_"&B9)*('Benchmark-Runs'!$V$2:$V$161))/COUNTIF('Benchmark-Runs'!$X$2:$X$161,A9&"_"&B9),"-") -> 3
A10: gpt-5-nano | B10: C5_BatchFiltered | C10: =_xlfn.XLOOKUP(Tabelle2[[#This Row],[Config]],Tabelle2!$A$1:$A$8,Tabelle2!$B$1:$B$8) -> P8 | D10: =Tabelle2[[#This Row],[Model]] & " | " & Tabelle2[[#This Row],[Spalte2]] -> gpt-5-nano | P8 | E10: =SUMPRODUCT(('Benchmark-Runs'!$X$2:$X$161=A10&"_"&B10)*('Benchmark-Runs'!$W$2:$W$161))/COUNTIF('Benchmark-Runs'!$X$2:$X$161,A10&"_"&B10) -> 66.666667 | F10: =IFERROR(SQRT(SUMPRODUCT(('Benchmark-Runs'!$X$2:$X$161=A10&"_"&B10)*('Benchmark-Runs'!$W$2:$W$161)^2)/COUNTIF('Benchmark-Runs'!$X$2:$X$161,A10&"_"&B10)-(SUMPRODUCT(('Benchmark-Runs'!$X$2:$X$161=A10&"_"&B10)*('Benchmark-Runs'!$W$2:$W$161))/COUNTIF('Benchmark-Runs'!$X$2:$X$161,A10&"_"&B10))^2),0) -> 21.081851 | G10: =_xlfn.SINGLE(_xlfn.MINIFS('Benchmark-Runs'!$W$2:$W$161,'Benchmark-Runs'!$X$2:$X$161,A10&"_"&B10)) -> 33.333333 | H10: =_xlfn.SINGLE(_xlfn.MAXIFS('Benchmark-Runs'!$W$2:$W$161,'Benchmark-Runs'!$X$2:$X$161,A10&"_"&B10)) -> 100 | I10: =SUMPRODUCT(('Benchmark-Runs'!$X$2:$X$161=A10&"_"&B10)*('Benchmark-Runs'!$F$2:$F$161))/COUNTIF('Benchmark-Runs'!$X$2:$X$161,A10&"_"&B10) -> 0.0048608 | J10: =SUMPRODUCT(('Benchmark-Runs'!$X$2:$X$161=A10&"_"&B10)*('Benchmark-Runs'!$F$2:$F$161)) -> 0.024304 | K10: =SUMPRODUCT(('Benchmark-Runs'!$X$2:$X$161=A10&"_"&B10)*('Benchmark-Runs'!$E$2:$E$161))/COUNTIF('Benchmark-Runs'!$X$2:$X$161,A10&"_"&B10) -> 124.666 | L10: =SUMPRODUCT(('Benchmark-Runs'!$X$2:$X$161=A10&"_"&B10)*('Benchmark-Runs'!$I$2:$I$161))/COUNTIF('Benchmark-Runs'!$X$2:$X$161,A10&"_"&B10) -> 16017.8 | M10: =SUMPRODUCT(('Benchmark-Runs'!$X$2:$X$161=A10&"_"&B10)*('Benchmark-Runs'!$G$2:$G$161))/COUNTIF('Benchmark-Runs'!$X$2:$X$161,A10&"_"&B10) -> 4418 | N10: =SUMPRODUCT(('Benchmark-Runs'!$X$2:$X$161=A10&"_"&B10)*('Benchmark-Runs'!$H$2:$H$161))/COUNTIF('Benchmark-Runs'!$X$2:$X$161,A10&"_"&B10) -> 11599.8 | O10: =IFERROR(I10/E10,"-") -> 7.2912e-05 | P10: =COUNTIF('Benchmark-Runs'!$X$2:$X$161,A10&"_"&B10) -> 5 | Q10: =IFERROR(SUMPRODUCT(('Benchmark-Runs'!$X$2:$X$161=A10&"_"&B10)*('Benchmark-Runs'!$V$2:$V$161))/COUNTIF('Benchmark-Runs'!$X$2:$X$161,A10&"_"&B10),"-") -> 3
A11: gpt-5-nano | B11: C1_Hybrid | C11: =_xlfn.XLOOKUP(Tabelle2[[#This Row],[Config]],Tabelle2!$A$1:$A$8,Tabelle2!$B$1:$B$8) -> P5 | D11: =Tabelle2[[#This Row],[Model]] & " | " & Tabelle2[[#This Row],[Spalte2]] -> gpt-5-nano | P5 | E11: =SUMPRODUCT(('Benchmark-Runs'!$X$2:$X$161=A11&"_"&B11)*('Benchmark-Runs'!$W$2:$W$161))/COUNTIF('Benchmark-Runs'!$X$2:$X$161,A11&"_"&B11) -> 53.333333 | F11: =IFERROR(SQRT(SUMPRODUCT(('Benchmark-Runs'!$X$2:$X$161=A11&"_"&B11)*('Benchmark-Runs'!$W$2:$W$161)^2)/COUNTIF('Benchmark-Runs'!$X$2:$X$161,A11&"_"&B11)-(SUMPRODUCT(('Benchmark-Runs'!$X$2:$X$161=A11&"_"&B11)*('Benchmark-Runs'!$W$2:$W$161))/COUNTIF('Benchmark-Runs'!$X$2:$X$161,A11&"_"&B11))^2),0) -> 16.329932 | G11: =_xlfn.SINGLE(_xlfn.MINIFS('Benchmark-Runs'!$W$2:$W$161,'Benchmark-Runs'!$X$2:$X$161,A11&"_"&B11)) -> 33.333333 | H11: =_xlfn.SINGLE(_xlfn.MAXIFS('Benchmark-Runs'!$W$2:$W$161,'Benchmark-Runs'!$X$2:$X$161,A11&"_"&B11)) -> 66.666667 | I11: =SUMPRODUCT(('Benchmark-Runs'!$X$2:$X$161=A11&"_"&B11)*('Benchmark-Runs'!$F$2:$F$161))/COUNTIF('Benchmark-Runs'!$X$2:$X$161,A11&"_"&B11) -> 0.0054664 | J11: =SUMPRODUCT(('Benchmark-Runs'!$X$2:$X$161=A11&"_"&B11)*('Benchmark-Runs'!$F$2:$F$161)) -> 0.027332 | K11: =SUMPRODUCT(('Benchmark-Runs'!$X$2:$X$161=A11&"_"&B11)*('Benchmark-Runs'!$E$2:$E$161))/COUNTIF('Benchmark-Runs'!$X$2:$X$161,A11&"_"&B11) -> 147.836 | L11: =SUMPRODUCT(('Benchmark-Runs'!$X$2:$X$161=A11&"_"&B11)*('Benchmark-Runs'!$I$2:$I$161))/COUNTIF('Benchmark-Runs'!$X$2:$X$161,A11&"_"&B11) -> 33802.6 | M11: =SUMPRODUCT(('Benchmark-Runs'!$X$2:$X$161=A11&"_"&B11)*('Benchmark-Runs'!$G$2:$G$161))/COUNTIF('Benchmark-Runs'!$X$2:$X$161,A11&"_"&B11) -> 23013 | N11: =SUMPRODUCT(('Benchmark-Runs'!$X$2:$X$161=A11&"_"&B11)*('Benchmark-Runs'!$H$2:$H$161))/COUNTIF('Benchmark-Runs'!$X$2:$X$161,A11&"_"&B11) -> 10789.6 | O11: =IFERROR(I11/E11,"-") -> 0.000102495 | P11: =COUNTIF('Benchmark-Runs'!$X$2:$X$161,A11&"_"&B11) -> 5 | Q11: =IFERROR(SUMPRODUCT(('Benchmark-Runs'!$X$2:$X$161=A11&"_"&B11)*('Benchmark-Runs'!$V$2:$V$161))/COUNTIF('Benchmark-Runs'!$X$2:$X$161,A11&"_"&B11),"-") -> 3
A12: gpt-5-nano | B12: C7_FilterOnly | C12: =_xlfn.XLOOKUP(Tabelle2[[#This Row],[Config]],Tabelle2!$A$1:$A$8,Tabelle2!$B$1:$B$8) -> P3 | D12: =Tabelle2[[#This Row],[Model]] & " | " & Tabelle2[[#This Row],[Spalte2]] -> gpt-5-nano | P3 | E12: =SUMPRODUCT(('Benchmark-Runs'!$X$2:$X$161=A12&"_"&B12)*('Benchmark-Runs'!$W$2:$W$161))/COUNTIF('Benchmark-Runs'!$X$2:$X$161,A12&"_"&B12) -> 80 | F12: =IFERROR(SQRT(SUMPRODUCT(('Benchmark-Runs'!$X$2:$X$161=A12&"_"&B12)*('Benchmark-Runs'!$W$2:$W$161)^2)/COUNTIF('Benchmark-Runs'!$X$2:$X$161,A12&"_"&B12)-(SUMPRODUCT(('Benchmark-Runs'!$X$2:$X$161=A12&"_"&B12)*('Benchmark-Runs'!$W$2:$W$161))/COUNTIF('Benchmark-Runs'!$X$2:$X$161,A12&"_"&B12))^2),0) -> 26.666667 | G12: =_xlfn.SINGLE(_xlfn.MINIFS('Benchmark-Runs'!$W$2:$W$161,'Benchmark-Runs'!$X$2:$X$161,A12&"_"&B12)) -> 33.333333 | H12: =_xlfn.SINGLE(_xlfn.MAXIFS('Benchmark-Runs'!$W$2:$W$161,'Benchmark-Runs'!$X$2:$X$161,A12&"_"&B12)) -> 100 | I12: =SUMPRODUCT(('Benchmark-Runs'!$X$2:$X$161=A12&"_"&B12)*('Benchmark-Runs'!$F$2:$F$161))/COUNTIF('Benchmark-Runs'!$X$2:$X$161,A12&"_"&B12) -> 0.0091776 | J12: =SUMPRODUCT(('Benchmark-Runs'!$X$2:$X$161=A12&"_"&B12)*('Benchmark-Runs'!$F$2:$F$161)) -> 0.045888 | K12: =SUMPRODUCT(('Benchmark-Runs'!$X$2:$X$161=A12&"_"&B12)*('Benchmark-Runs'!$E$2:$E$161))/COUNTIF('Benchmark-Runs'!$X$2:$X$161,A12&"_"&B12) -> 176.254 | L12: =SUMPRODUCT(('Benchmark-Runs'!$X$2:$X$161=A12&"_"&B12)*('Benchmark-Runs'!$I$2:$I$161))/COUNTIF('Benchmark-Runs'!$X$2:$X$161,A12&"_"&B12) -> 28693.6 | M12: =SUMPRODUCT(('Benchmark-Runs'!$X$2:$X$161=A12&"_"&B12)*('Benchmark-Runs'!$G$2:$G$161))/COUNTIF('Benchmark-Runs'!$X$2:$X$161,A12&"_"&B12) -> 6571 | N12: =SUMPRODUCT(('Benchmark-Runs'!$X$2:$X$161=A12&"_"&B12)*('Benchmark-Runs'!$H$2:$H$161))/COUNTIF('Benchmark-Runs'!$X$2:$X$161,A12&"_"&B12) -> 22122.6 | O12: =IFERROR(I12/E12,"-") -> 0.00011472 | P12: =COUNTIF('Benchmark-Runs'!$X$2:$X$161,A12&"_"&B12) -> 5 | Q12: =IFERROR(SUMPRODUCT(('Benchmark-Runs'!$X$2:$X$161=A12&"_"&B12)*('Benchmark-Runs'!$V$2:$V$161))/COUNTIF('Benchmark-Runs'!$X$2:$X$161,A12&"_"&B12),"-") -> 3
A13: gpt-5-nano | B13: C2_Precision | C13: =_xlfn.XLOOKUP(Tabelle2[[#This Row],[Config]],Tabelle2!$A$1:$A$8,Tabelle2!$B$1:$B$8) -> P6 | D13: =Tabelle2[[#This Row],[Model]] & " | " & Tabelle2[[#This Row],[Spalte2]] -> gpt-5-nano | P6 | E13: =SUMPRODUCT(('Benchmark-Runs'!$X$2:$X$161=A13&"_"&B13)*('Benchmark-Runs'!$W$2:$W$161))/COUNTIF('Benchmark-Runs'!$X$2:$X$161,A13&"_"&B13) -> 66.666667 | F13: =IFERROR(SQRT(SUMPRODUCT(('Benchmark-Runs'!$X$2:$X$161=A13&"_"&B13)*('Benchmark-Runs'!$W$2:$W$161)^2)/COUNTIF('Benchmark-Runs'!$X$2:$X$161,A13&"_"&B13)-(SUMPRODUCT(('Benchmark-Runs'!$X$2:$X$161=A13&"_"&B13)*('Benchmark-Runs'!$W$2:$W$161))/COUNTIF('Benchmark-Runs'!$X$2:$X$161,A13&"_"&B13))^2),0) -> 0 | G13: =_xlfn.SINGLE(_xlfn.MINIFS('Benchmark-Runs'!$W$2:$W$161,'Benchmark-Runs'!$X$2:$X$161,A13&"_"&B13)) -> 66.666667 | H13: =_xlfn.SINGLE(_xlfn.MAXIFS('Benchmark-Runs'!$W$2:$W$161,'Benchmark-Runs'!$X$2:$X$161,A13&"_"&B13)) -> 66.666667 | I13: =SUMPRODUCT(('Benchmark-Runs'!$X$2:$X$161=A13&"_"&B13)*('Benchmark-Runs'!$F$2:$F$161))/COUNTIF('Benchmark-Runs'!$X$2:$X$161,A13&"_"&B13) -> 0.008682 | J13: =SUMPRODUCT(('Benchmark-Runs'!$X$2:$X$161=A13&"_"&B13)*('Benchmark-Runs'!$F$2:$F$161)) -> 0.04341 | K13: =SUMPRODUCT(('Benchmark-Runs'!$X$2:$X$161=A13&"_"&B13)*('Benchmark-Runs'!$E$2:$E$161))/COUNTIF('Benchmark-Runs'!$X$2:$X$161,A13&"_"&B13) -> 197.204 | L13: =SUMPRODUCT(('Benchmark-Runs'!$X$2:$X$161=A13&"_"&B13)*('Benchmark-Runs'!$I$2:$I$161))/COUNTIF('Benchmark-Runs'!$X$2:$X$161,A13&"_"&B13) -> 27454.8 | M13: =SUMPRODUCT(('Benchmark-Runs'!$X$2:$X$161=A13&"_"&B13)*('Benchmark-Runs'!$G$2:$G$161))/COUNTIF('Benchmark-Runs'!$X$2:$X$161,A13&"_"&B13) -> 6571 | N13: =SUMPRODUCT(('Benchmark-Runs'!$X$2:$X$161=A13&"_"&B13)*('Benchmark-Runs'!$H$2:$H$161))/COUNTIF('Benchmark-Runs'!$X$2:$X$161,A13&"_"&B13) -> 20883.8 | O13: =IFERROR(I13/E13,"-") -> 0.00013023 | P13: =COUNTIF('Benchmark-Runs'!$X$2:$X$161,A13&"_"&B13) -> 5 | Q13: =IFERROR(SUMPRODUCT(('Benchmark-Runs'!$X$2:$X$161=A13&"_"&B13)*('Benchmark-Runs'!$V$2:$V$161))/COUNTIF('Benchmark-Runs'!$X$2:$X$161,A13&"_"&B13),"-") -> 3
... A33: gpt-5.2-chat | B33: C3_Single | C33: =_xlfn.XLOOKUP(Tabelle2[[#This Row],[Config]],Tabelle2!$A$1:$A$8,Tabelle2!$B$1:$B$8) -> P4 | D33: =Tabelle2[[#This Row],[Model]] & " | " & Tabelle2[[#This Row],[Spalte2]] -> gpt-5.2-chat | P4 | E33: =SUMPRODUCT(('Benchmark-Runs'!$X$2:$X$161=A33&"_"&B33)*('Benchmark-Runs'!$W$2:$W$161))/COUNTIF('Benchmark-Runs'!$X$2:$X$161,A33&"_"&B33) -> 66.666667 | F33: =IFERROR(SQRT(SUMPRODUCT(('Benchmark-Runs'!$X$2:$X$161=A33&"_"&B33)*('Benchmark-Runs'!$W$2:$W$161)^2)/COUNTIF('Benchmark-Runs'!$X$2:$X$161,A33&"_"&B33)-(SUMPRODUCT(('Benchmark-Runs'!$X$2:$X$161=A33&"_"&B33)*('Benchmark-Runs'!$W$2:$W$161))/COUNTIF('Benchmark-Runs'!$X$2:$X$161,A33&"_"&B33))^2),0) -> 0 | G33: =_xlfn.SINGLE(_xlfn.MINIFS('Benchmark-Runs'!$W$2:$W$161,'Benchmark-Runs'!$X$2:$X$161,A33&"_"&B33)) -> 66.666667 | H33: =_xlfn.SINGLE(_xlfn.MAXIFS('Benchmark-Runs'!$W$2:$W$161,'Benchmark-Runs'!$X$2:$X$161,A33&"_"&B33)) -> 66.666667 | I33: =SUMPRODUCT(('Benchmark-Runs'!$X$2:$X$161=A33&"_"&B33)*('Benchmark-Runs'!$F$2:$F$161))/COUNTIF('Benchmark-Runs'!$X$2:$X$161,A33&"_"&B33) -> 0.220264 | J33: =SUMPRODUCT(('Benchmark-Runs'!$X$2:$X$161=A33&"_"&B33)*('Benchmark-Runs'!$F$2:$F$161)) -> 1.10132 | K33: =SUMPRODUCT(('Benchmark-Runs'!$X$2:$X$161=A33&"_"&B33)*('Benchmark-Runs'!$E$2:$E$161))/COUNTIF('Benchmark-Runs'!$X$2:$X$161,A33&"_"&B33) -> 40.35 | L33: =SUMPRODUCT(('Benchmark-Runs'!$X$2:$X$161=A33&"_"&B33)*('Benchmark-Runs'!$I$2:$I$161))/COUNTIF('Benchmark-Runs'!$X$2:$X$161,A33&"_"&B33) -> 113776 | M33: =SUMPRODUCT(('Benchmark-Runs'!$X$2:$X$161=A33&"_"&B33)*('Benchmark-Runs'!$G$2:$G$161))/COUNTIF('Benchmark-Runs'!$X$2:$X$161,A33&"_"&B33) -> 112049 | N33: =SUMPRODUCT(('Benchmark-Runs'!$X$2:$X$161=A33&"_"&B33)*('Benchmark-Runs'!$H$2:$H$161))/COUNTIF('Benchmark-Runs'!$X$2:$X$161,A33&"_"&B33) -> 1727 | O33: =IFERROR(I33/E33,"-") -> 0.00330396 | P33: =COUNTIF('Benchmark-Runs'!$X$2:$X$161,A33&"_"&B33) -> 5 | Q33: =IFERROR(SUMPRODUCT(('Benchmark-Runs'!$X$2:$X$161=A33&"_"&B33)*('Benchmark-Runs'!$V$2:$V$161))/COUNTIF('Benchmark-Runs'!$X$2:$X$161,A33&"_"&B33),"-") -> 3

Sheet Tabelle2
A1: C4_Baseline | B1: P1
A2: C6_BatchOnly | B2: P2
A3: C7_FilterOnly | B3: P3
A4: C3_Single | B4: P4
A5: C1_Hybrid | B5: P5
A6: C2_Precision | B6: P6
A7: C8_BatchFiltered_NoName | B7: P7
A8: C5_BatchFiltered | B8: P8

Sheet Visualization
B2: Config | C2: gpt-4o-mini | D2: gpt-5-nano | E2: gpt-5-chat | F2: gpt-5.2-chat
B3: P1 | C3: 100 | D3: 100 | E3: 100 | F3: 100
B4: P2 | C4: 100 | D4: 86.7 | E4: 100 | F4: 100
B5: P3 | C5: 100 | D5: 80 | E5: 100 | F5: 100
B6: P4 | C6: 86.7 | D6: 60 | E6: 66.7 | F6: 66.7
B7: P5 | C7: 73.3 | D7: 53.3 | E7: 66.7 | F7: 66.7
B8: P6 | C8: 73.3 | D8: 66.7 | E8: 73.3 | F8: 93.3
B9: P7 | C9: 80 | D9: 86.7 | E9: 100 | F9: 93.3
B10: P8 | C10: 66.7 | D10: 66.7 | E10: 66.7 | F10: 53.3
A13: Kosten pro | C13: 1000 | D13: Aufrufe
C15: Acc | D15: Cost per 1000 | E15: D/C
A16: ='★ Ablation-Study'!D2 -> gpt-4o-mini | P7 | C16: ='★ Ablation-Study'!E2 -> 80 | D16: ='★ Ablation-Study'!I2*$C$13 -> 0.9244 | E16: =D16/C16 -> 0.011555
A17: ='★ Ablation-Study'!D3 -> gpt-4o-mini | P8 | C17: ='★ Ablation-Study'!E3 -> 66.666667 | D17: ='★ Ablation-Study'!I3*$C$13 -> 0.941 | E17: =D17/C17 -> 0.014115
A18: ='★ Ablation-Study'!D4 -> gpt-4o-mini | P3 | C18: ='★ Ablation-Study'!E4 -> 100 | D18: ='★ Ablation-Study'!I4*$C$13 -> 1.412 | E18: =D18/C18 -> 0.01412
A19: ='★ Ablation-Study'!D5 -> gpt-4o-mini | P6 | C19: ='★ Ablation-Study'!E5 -> 73.333333 | D19: ='★ Ablation-Study'!I5*$C$13 -> 1.39 | E19: =D19/C19 -> 0.018954545
A20: ='★ Ablation-Study'!D6 -> gpt-4o-mini | P2 | C20: ='★ Ablation-Study'!E6 -> 100 | D20: ='★ Ablation-Study'!I6*$C$13 -> 3.8786 | E20: =D20/C20 -> 0.038786
A21: ='★ Ablation-Study'!D7 -> gpt-5-nano | P7 | C21: ='★ Ablation-Study'!E7 -> 86.666667 | D21: ='★ Ablation-Study'!I7*$C$13 -> 3.6 | E21: =D21/C21 -> 0.041538462
A22: ='★ Ablation-Study'!D8 -> gpt-4o-mini | P5 | C22: ='★ Ablation-Study'!E8 -> 73.333333 | D22: ='★ Ablation-Study'!I8*$C$13 -> 3.9116 | E22: =D22/C22 -> 0.05334
A23: ='★ Ablation-Study'!D9 -> gpt-5-nano | P2 | C23: ='★ Ablation-Study'!E9 -> 86.666667 | D23: ='★ Ablation-Study'!I9*$C$13 -> 4.7094 | E23: =D23/C23 -> 0.054339231
A24: ='★ Ablation-Study'!D10 -> gpt-5-nano | P8 | C24: ='★ Ablation-Study'!E10 -> 66.666667 | D24: ='★ Ablation-Study'!I10*$C$13 -> 4.8608 | E24: =D24/C24 -> 0.072912
A25: ='★ Ablation-Study'!D11 -> gpt-5-nano | P5 | C25: ='★ Ablation-Study'!E11 -> 53.333333 | D25: ='★ Ablation-Study'!I11*$C$13 -> 5.4664 | E25: =D25/C25 -> 0.102495
A26: ='★ Ablation-Study'!D12 -> gpt-5-nano | P3 | C26: ='★ Ablation-Study'!E12 -> 80 | D26: ='★ Ablation-Study'!I12*$C$13 -> 9.1776 | E26: =D26/C26 -> 0.11472
A27: ='★ Ablation-Study'!D13 -> gpt-5-nano | P6 | C27: ='★ Ablation-Study'!E13 -> 66.666667 | D27: ='★ Ablation-Study'!I13*$C$13 -> 8.682 | E27: =D27/C27 -> 0.13023
... A47: ='★ Ablation-Study'!D33 -> gpt-5.2-chat | P4 | C47: ='★ Ablation-Study'!E33 -> 66.666667 | D47: ='★ Ablation-Study'!I33*$C$13 -> 220.264 | E47: =D47/C47 -> 3.30396

Sheet ★ Empfehlungen
A1: Kriterium | B1: Model | C1: Config | D1: Accuracy [%] | E1: Cost [USD] | F1: Duration [s]
A2: 🎯 Höchste Accuracy | B2: =IFERROR(INDEX('★ Ablation-Study'!$A$2:$A$33,MATCH(MAX('★ Ablation-Study'!$E$2:$E$33),'★ Ablation-Study'!$E$2:$E$33,0)),"-") -> gpt-4o-mini | C2: =IFERROR(INDEX('★ Ablation-Study'!$B$2:$B$33,MATCH(MAX('★ Ablation-Study'!$E$2:$E$33),'★ Ablation-Study'!$E$2:$E$33,0)),"-") -> C7_FilterOnly | D2: =IFERROR(INDEX('★ Ablation-Study'!$E$2:$E$33,MATCH(MAX('★ Ablation-Study'!$E$2:$E$33),'★ Ablation-Study'!$E$2:$E$33,0)),"-") -> 100 | E2: =IFERROR(INDEX('★ Ablation-Study'!$I$2:$I$33,MATCH(MAX('★ Ablation-Study'!$E$2:$E$33),'★ Ablation-Study'!$E$2:$E$33,0)),"-") -> 0.001412 | F2: =IFERROR(INDEX('★ Ablation-Study'!$K$2:$K$33,MATCH(MAX('★ Ablation-Study'!$E$2:$E$33),'★ Ablation-Study'!$E$2:$E$33,0)),"-") -> 13.176
A3: 💰 Niedrigste Kosten | B3: =IFERROR(INDEX('★ Ablation-Study'!$A$2:$A$33,MATCH(MIN('★ Ablation-Study'!$I$2:$I$33),'★ Ablation-Study'!$I$2:$I$33,0)),"-") -> gpt-4o-mini | C3: =IFERROR(INDEX('★ Ablation-Study'!$B$2:$B$33,MATCH(MIN('★ Ablation-Study'!$I$2:$I$33),'★ Ablation-Study'!$I$2:$I$33,0)),"-") -> C8_BatchFiltered_NoName | D3: =IFERROR(INDEX('★ Ablation-Study'!$E$2:$E$33,MATCH(MIN('★ Ablation-Study'!$I$2:$I$33),'★ Ablation-Study'!$I$2:$I$33,0)),"-") -> 80 | E3: =IFERROR(INDEX('★ Ablation-Study'!$I$2:$I$33,MATCH(MIN('★ Ablation-Study'!$I$2:$I$33),'★ Ablation-Study'!$I$2:$I$33,0)),"-") -> 0.0009244 | F3: =IFERROR(INDEX('★ Ablation-Study'!$K$2:$K$33,MATCH(MIN('★ Ablation-Study'!$I$2:$I$33),'★ Ablation-Study'!$I$2:$I$33,0)),"-") -> 9.282
A4: ⚡ Schnellste | B4: =IFERROR(INDEX('★ Ablation-Study'!$A$2:$A$33,MATCH(MIN('★ Ablation-Study'!$K$2:$K$33),'★ Ablation-Study'!$K$2:$K$33,0)),"-") -> gpt-4o-mini | C4: =IFERROR(INDEX('★ Ablation-Study'!$B$2:$B$33,MATCH(MIN('★ Ablation-Study'!$K$2:$K$33),'★ Ablation-Study'!$K$2:$K$33,0)),"-") -> C5_BatchFiltered | D4: =IFERROR(INDEX('★ Ablation-Study'!$E$2:$E$33,MATCH(MIN('★ Ablation-Study'!$K$2:$K$33),'★ Ablation-Study'!$K$2:$K$33,0)),"-") -> 66.666667 | E4: =IFERROR(INDEX('★ Ablation-Study'!$I$2:$I$33,MATCH(MIN('★ Ablation-Study'!$K$2:$K$33),'★ Ablation-Study'!$K$2:$K$33,0)),"-") -> 0.000941 | F4: =IFERROR(INDEX('★ Ablation-Study'!$K$2:$K$33,MATCH(MIN('★ Ablation-Study'!$K$2:$K$33),'★ Ablation-Study'!$K$2:$K$33,0)),"-") -> 8.8
A5: ⚖️ Beste Kosten-Effizienz | B5: =IFERROR(INDEX('★ Ablation-Study'!$A$2:$A$33,MATCH(MIN('★ Ablation-Study'!$O$2:$O$33),'★ Ablation-Study'!$O$2:$O$33,0)),"-") -> gpt-4o-mini | C5: =IFERROR(INDEX('★ Ablation-Study'!$B$2:$B$33,MATCH(MIN('★ Ablation-Study'!$O$2:$O$33),'★ Ablation-Study'!$O$2:$O$33,0)),"-") -> C8_BatchFiltered_NoName | D5: =IFERROR(INDEX('★ Ablation-Study'!$E$2:$E$33,MATCH(MIN('★ Ablation-Study'!$O$2:$O$33),'★ Ablation-Study'!$O$2:$O$33,0)),"-") -> 80 | E5: =IFERROR(INDEX('★ Ablation-Study'!$I$2:$I$33,MATCH(MIN('★ Ablation-Study'!$O$2:$O$33),'★ Ablation-Study'!$O$2:$O$33,0)),"-") -> 0.0009244 | F5: =IFERROR(INDEX('★ Ablation-Study'!$K$2:$K$33,MATCH(MIN('★ Ablation-Study'!$O$2:$O$33),'★ Ablation-Study'!$O$2:$O$33,0)),"-") -> 9.282

Sheet Ground-Truth
A1: Position | B1: Schicht | C1: Auswerten | D1: Korrekte_EPD_ID | E1: Vorschlag (häufigster Match) | F1: Anmerkung
A2: 1 | B2: Deckschicht | C2: Ja | D2: 864 | E2: 864
A3: 2 | B3: Binderschicht | C3: Ja | D3: 38 | E3: 38
A4: 3 | B4: Tragschicht | C4: Ja | D4: 39 | E4: 39
A5: 4 | B5: Schottertrag | C5: Nein | E5: 39
A6: 5 | B6: Frostschutzschicht | C6: Nein | E6: 839

Sheet Benchmark-Runs
A1: Report | B1: Config | C1: Model | D1: Run # | E1: Duration [s] | F1: Cost [USD] | G1: Input Tokens | H1: Output Tokens | I1: Total Tokens | J1: API Calls | K1: Top Match 1 | L1: Top Match 2 | M1: Top Match 3 | N1: Top Match 4 | O1: Top Match 5 | P1: Pos1 Correct | Q1: Pos2 Correct | R1: Pos3 Correct | S1: Pos4 Correct | T1: Pos5 Correct | U1: Correct Count | V1: Evaluated Count | W1: Accuracy [%] | X1: Model_Config
A2: full_benchmark_report1.json | B2: C1_Hybrid | C2: gpt-4o-mini | D2: 1 | E2: 16.46 | F2: 0.003948 | G2: 23014 | H2: 826 | I2: =G2+H2 -> 23840 | J2: 1 | K2: 934 | L2: 38 | M2: 39 | N2: 39 | O2: 839 | P2: =IF(OR('Ground-Truth'!$C$2<>"Ja",'Ground-Truth'!$D$2=""),"",IF(TEXT(K2,"0")=TEXT('Ground-Truth'!$D$2,"0"),1,0)) -> 0 | Q2: =IF(OR('Ground-Truth'!$C$3<>"Ja",'Ground-Truth'!$D$3=""),"",IF(TEXT(L2,"0")=TEXT('Ground-Truth'!$D$3,"0"),1,0)) -> 1 | R2: =IF(OR('Ground-Truth'!$C$4<>"Ja",'Ground-Truth'!$D$4=""),"",IF(TEXT(M2,"0")=TEXT('Ground-Truth'!$D$4,"0"),1,0)) -> 1 | S2: =IF(OR('Ground-Truth'!$C$5<>"Ja",'Ground-Truth'!$D$5=""),"",IF(TEXT(N2,"0")=TEXT('Ground-Truth'!$D$5,"0"),1,0)) | T2: =IF(OR('Ground-Truth'!$C$6<>"Ja",'Ground-Truth'!$D$6=""),"",IF(TEXT(O2,"0")=TEXT('Ground-Truth'!$D$6,"0"),1,0)) | U2: =SUM(P2:T2) -> 2 | V2: =COUNT(P2:T2) -> 3 | W2: =IF(V2=0,0,U2/V2*100) -> 66.666667 | X2: =C2&"_"&B2 -> gpt-4o-mini_C1_Hybrid
A3: full_benchmark_report1.json | B3: C1_Hybrid | C3: gpt-4o-mini | D3: 2 | E3: 14.24 | F3: 0.003966 | G3: 23014 | H3: 856 | I3: =G3+H3 -> 23870 | J3: 1 | K3: 864 | L3: 38 | M3: 39 | N3: 39 | O3: 839 | P3: =IF(OR('Ground-Truth'!$C$2<>"Ja",'Ground-Truth'!$D$2=""),"",IF(TEXT(K3,"0")=TEXT('Ground-Truth'!$D$2,"0"),1,0)) -> 1 | Q3: =IF(OR('Ground-Truth'!$C$3<>"Ja",'Ground-Truth'!$D$3=""),"",IF(TEXT(L3,"0")=TEXT('Ground-Truth'!$D$3,"0"),1,0)) -> 1 | R3: =IF(OR('Ground-Truth'!$C$4<>"Ja",'Ground-Truth'!$D$4=""),"",IF(TEXT(M3,"0")=TEXT('Ground-Truth'!$D$4,"0"),1,0)) -> 1 | S3: =IF(OR('Ground-Truth'!$C$5<>"Ja",'Ground-Truth'!$D$5=""),"",IF(TEXT(N3,"0")=TEXT('Ground-Truth'!$D$5,"0"),1,0)) | T3: =IF(OR('Ground-Truth'!$C$6<>"Ja",'Ground-Truth'!$D$6=""),"",IF(TEXT(O3,"0")=TEXT('Ground-Truth'!$D$6,"0"),1,0)) | U3: =SUM(P3:T3) -> 3 | V3: =COUNT(P3:T3) -> 3 | W3: =IF(V3=0,0,U3/V3*100) -> 100 | X3: =C3&"_"&B3 -> gpt-4o-mini_C1_Hybrid
A4: full_benchmark_report1.json | B4: C1_Hybrid | C4: gpt-4o-mini | D4: 3 | E4: 10.89 | F4: 0.003843 | G4: 23014 | H4: 651 | I4: =G4+H4 -> 23665 | J4: 1 | K4: 934 | L4: 38 | M4: 39 | N4: 39 | O4: 839 | P4: =IF(OR('Ground-Truth'!$C$2<>"Ja",'Ground-Truth'!$D$2=""),"",IF(TEXT(K4,"0")=TEXT('Ground-Truth'!$D$2,"0"),1,0)) -> 0 | Q4: =IF(OR('Ground-Truth'!$C$3<>"Ja",'Ground-Truth'!$D$3=""),"",IF(TEXT(L4,"0")=TEXT('Ground-Truth'!$D$3,"0"),1,0)) -> 1 | R4: =IF(OR('Ground-Truth'!$C$4<>"Ja",'Ground-Truth'!$D$4=""),"",IF(TEXT(M4,"0")=TEXT('Ground-Truth'!$D$4,"0"),1,0)) -> 1 | S4: =IF(OR('Ground-Truth'!$C$5<>"Ja",'Ground-Truth'!$D$5=""),"",IF(TEXT(N4,"0")=TEXT('Ground-Truth'!$D$5,"0"),1,0)) | T4: =IF(OR('Ground-Truth'!$C$6<>"Ja",'Ground-Truth'!$D$6=""),"",IF(TEXT(O4,"0")=TEXT('Ground-Truth'!$D$6,"0"),1,0)) | U4: =SUM(P4:T4) -> 2 | V4: =COUNT(P4:T4) -> 3 | W4: =IF(V4=0,0,U4/V4*100) -> 66.666667 | X4: =C4&"_"&B4 -> gpt-4o-mini_C1_Hybrid
A5: full_benchmark_report1.json | B5: C1_Hybrid | C5: gpt-4o-mini | D5: 4 | E5: 12.9 | F5: 0.003922 | G5: 23014 | H5: 783 | I5: =G5+H5 -> 23797 | J5: 1 | K5: 934 | L5: 38 | M5: 39 | N5: 39 | O5: 839 | P5: =IF(OR('Ground-Truth'!$C$2<>"Ja",'Ground-Truth'!$D$2=""),"",IF(TEXT(K5,"0")=TEXT('Ground-Truth'!$D$2,"0"),1,0)) -> 0 | Q5: =IF(OR('Ground-Truth'!$C$3<>"Ja",'Ground-Truth'!$D$3=""),"",IF(TEXT(L5,"0")=TEXT('Ground-Truth'!$D$3,"0"),1,0)) -> 1 | R5: =IF(OR('Ground-Truth'!$C$4<>"Ja",'Ground-Truth'!$D$4=""),"",IF(TEXT(M5,"0")=TEXT('Ground-Truth'!$D$4,"0"),1,0)) -> 1 | S5: =IF(OR('Ground-Truth'!$C$5<>"Ja",'Ground-Truth'!$D$5=""),"",IF(TEXT(N5,"0")=TEXT('Ground-Truth'!$D$5,"0"),1,0)) | T5: =IF(OR('Ground-Truth'!$C$6<>"Ja",'Ground-Truth'!$D$6=""),"",IF(TEXT(O5,"0")=TEXT('Ground-Truth'!$D$6,"0"),1,0)) | U5: =SUM(P5:T5) -> 2 | V5: =COUNT(P5:T5) -> 3 | W5: =IF(V5=0,0,U5/V5*100) -> 66.666667 | X5: =C5&"_"&B5 -> gpt-4o-mini_C1_Hybrid
A6: full_benchmark_report1.json | B6: C1_Hybrid | C6: gpt-4o-mini | D6: 5 | E6: 15.97 | F6: 0.003879 | G6: 23014 | H6: 712 | I6: =G6+H6 -> 23726 | J6: 1 | K6: 934 | L6: 38 | M6: 39 | N6: 39 | O6: 839 | P6: =IF(OR('Ground-Truth'!$C$2<>"Ja",'Ground-Truth'!$D$2=""),"",IF(TEXT(K6,"0")=TEXT('Ground-Truth'!$D$2,"0"),1,0)) -> 0 | Q6: =IF(OR('Ground-Truth'!$C$3<>"Ja",'Ground-Truth'!$D$3=""),"",IF(TEXT(L6,"0")=TEXT('Ground-Truth'!$D$3,"0"),1,0)) -> 1 | R6: =IF(OR('Ground-Truth'!$C$4<>"Ja",'Ground-Truth'!$D$4=""),"",IF(TEXT(M6,"0")=TEXT('Ground-Truth'!$D$4,"0"),1,0)) -> 1 | S6: =IF(OR('Ground-Truth'!$C$5<>"Ja",'Ground-Truth'!$D$5=""),"",IF(TEXT(N6,"0")=TEXT('Ground-Truth'!$D$5,"0"),1,0)) | T6: =IF(OR('Ground-Truth'!$C$6<>"Ja",'Ground-Truth'!$D$6=""),"",IF(TEXT(O6,"0")=TEXT('Ground-Truth'!$D$6,"0"),1,0)) | U6: =SUM(P6:T6) -> 2 | V6: =COUNT(P6:T6) -> 3 | W6: =IF(V6=0,0,U6/V6*100) -> 66.666667 | X6: =C6&"_"&B6 -> gpt-4o-mini_C1_Hybrid
A7: full_benchmark_report1.json | B7: C2_Precision | C7: gpt-4o-mini | D7: 1 | E7: 13.24 | F7: 0.001341 | G7: 6576 | H7: 591 | I7: =G7+H7 -> 7167 | J7: 5 | K7: 864 | L7: 38 | M7: 39 | N7: 39 | O7: 823 | P7: =IF(OR('Ground-Truth'!$C$2<>"Ja",'Ground-Truth'!$D$2=""),"",IF(TEXT(K7,"0")=TEXT('Ground-Truth'!$D$2,"0"),1,0)) -> 1 | Q7: =IF(OR('Ground-Truth'!$C$3<>"Ja",'Ground-Truth'!$D$3=""),"",IF(TEXT(L7,"0")=TEXT('Ground-Truth'!$D$3,"0"),1,0)) -> 1 | R7: =IF(OR('Ground-Truth'!$C$4<>"Ja",'Ground-Truth'!$D$4=""),"",IF(TEXT(M7,"0")=TEXT('Ground-Truth'!$D$4,"0"),1,0)) -> 1 | S7: =IF(OR('Ground-Truth'!$C$5<>"Ja",'Ground-Truth'!$D$5=""),"",IF(TEXT(N7,"0")=TEXT('Ground-Truth'!$D$5,"0"),1,0)) | T7: =IF(OR('Ground-Truth'!$C$6<>"Ja",'Ground-Truth'!$D$6=""),"",IF(TEXT(O7,"0")=TEXT('Ground-Truth'!$D$6,"0"),1,0)) | U7: =SUM(P7:T7) -> 3 | V7: =COUNT(P7:T7) -> 3 | W7: =IF(V7=0,0,U7/V7*100) -> 100 | X7: =C7&"_"&B7 -> gpt-4o-mini_C2_Precision
A8: full_benchmark_report1.json | B8: C2_Precision | C8: gpt-4o-mini | D8: 2 | E8: 12.67 | F8: 0.0014 | G8: 6576 | H8: 689 | I8: =G8+H8 -> 7265 | J8: 5 | K8: 934 | L8: 38 | M8: 39 | N8: 39 | O8: 823 | P8: =IF(OR('Ground-Truth'!$C$2<>"Ja",'Ground-Truth'!$D$2=""),"",IF(TEXT(K8,"0")=TEXT('Ground-Truth'!$D$2,"0"),1,0)) -> 0 | Q8: =IF(OR('Ground-Truth'!$C$3<>"Ja",'Ground-Truth'!$D$3=""),"",IF(TEXT(L8,"0")=TEXT('Ground-Truth'!$D$3,"0"),1,0)) -> 1 | R8: =IF(OR('Ground-Truth'!$C$4<>"Ja",'Ground-Truth'!$D$4=""),"",IF(TEXT(M8,"0")=TEXT('Ground-Truth'!$D$4,"0"),1,0)) -> 1 | S8: =IF(OR('Ground-Truth'!$C$5<>"Ja",'Ground-Truth'!$D$5=""),"",IF(TEXT(N8,"0")=TEXT('Ground-Truth'!$D$5,"0"),1,0)) | T8: =IF(OR('Ground-Truth'!$C$6<>"Ja",'Ground-Truth'!$D$6=""),"",IF(TEXT(O8,"0")=TEXT('Ground-Truth'!$D$6,"0"),1,0)) | U8: =SUM(P8:T8) -> 2 | V8: =COUNT(P8:T8) -> 3 | W8: =IF(V8=0,0,U8/V8*100) -> 66.666667 | X8: =C8&"_"&B8 -> gpt-4o-mini_C2_Precision
A9: full_benchmark_report1.json | B9: C2_Precision | C9: gpt-4o-mini | D9: 3 | E9: 15.24 | F9: 0.001353 | G9: 6576 | H9: 611 | I9: =G9+H9 -> 7187 | J9: 5 | K9: 934 | L9: 38 | M9: 39 | N9: 39 | O9: 823 | P9: =IF(OR('Ground-Truth'!$C$2<>"Ja",'Ground-Truth'!$D$2=""),"",IF(TEXT(K9,"0")=TEXT('Ground-Truth'!$D$2,"0"),1,0)) -> 0 | Q9: =IF(OR('Ground-Truth'!$C$3<>"Ja",'Ground-Truth'!$D$3=""),"",IF(TEXT(L9,"0")=TEXT('Ground-Truth'!$D$3,"0"),1,0)) -> 1 | R9: =IF(OR('Ground-Truth'!$C$4<>"Ja",'Ground-Truth'!$D$4=""),"",IF(TEXT(M9,"0")=TEXT('Ground-Truth'!$D$4,"0"),1,0)) -> 1 | S9: =IF(OR('Ground-Truth'!$C$5<>"Ja",'Ground-Truth'!$D$5=""),"",IF(TEXT(N9,"0")=TEXT('Ground-Truth'!$D$5,"0"),1,0)) | T9: =IF(OR('Ground-Truth'!$C$6<>"Ja",'Ground-Truth'!$D$6=""),"",IF(TEXT(O9,"0")=TEXT('Ground-Truth'!$D$6,"0"),1,0)) | U9: =SUM(P9:T9) -> 2 | V9: =COUNT(P9:T9) -> 3 | W9: =IF(V9=0,0,U9/V9*100) -> 66.666667 | X9: =C9&"_"&B9 -> gpt-4o-mini_C2_Precision
A10: full_benchmark_report1.json | B10: C2_Precision | C10: gpt-4o-mini | D10: 4 | E10: 11.97 | F10: 0.00136 | G10: 6576 | H10: 623 | I10: =G10+H10 -> 7199 | J10: 5 | K10: 934 | L10: 38 | M10: 39 | N10: 39 | O10: 823 | P10: =IF(OR('Ground-Truth'!$C$2<>"Ja",'Ground-Truth'!$D$2=""),"",IF(TEXT(K10,"0")=TEXT('Ground-Truth'!$D$2,"0"),1,0)) -> 0 | Q10: =IF(OR('Ground-Truth'!$C$3<>"Ja",'Ground-Truth'!$D$3=""),"",IF(TEXT(L10,"0")=TEXT('Ground-Truth'!$D$3,"0"),1,0)) -> 1 | R10: =IF(OR('Ground-Truth'!$C$4<>"Ja",'Ground-Truth'!$D$4=""),"",IF(TEXT(M10,"0")=TEXT('Ground-Truth'!$D$4,"0"),1,0)) -> 1 | S10: =IF(OR('Ground-Truth'!$C$5<>"Ja",'Ground-Truth'!$D$5=""),"",IF(TEXT(N10,"0")=TEXT('Ground-Truth'!$D$5,"0"),1,0)) | T10: =IF(OR('Ground-Truth'!$C$6<>"Ja",'Ground-Truth'!$D$6=""),"",IF(TEXT(O10,"0")=TEXT('Ground-Truth'!$D$6,"0"),1,0)) | U10: =SUM(P10:T10) -> 2 | V10: =COUNT(P10:T10) -> 3 | W10: =IF(V10=0,0,U10/V10*100) -> 66.666667 | X10: =C10&"_"&B10 -> gpt-4o-mini_C2_Precision
A11: full_benchmark_report1.json | B11: C2_Precision | C11: gpt-4o-mini | D11: 5 | E11: 16.96 | F11: 0.001496 | G11: 6576 | H11: 849 | I11: =G11+H11 -> 7425 | J11: 5 | K11: 934 | L11: 38 | M11: 39 | N11: 39 | O11: 823 | P11: =IF(OR('Ground-Truth'!$C$2<>"Ja",'Ground-Truth'!$D$2=""),"",IF(TEXT(K11,"0")=TEXT('Ground-Truth'!$D$2,"0"),1,0)) -> 0 | Q11: =IF(OR('Ground-Truth'!$C$3<>"Ja",'Ground-Truth'!$D$3=""),"",IF(TEXT(L11,"0")=TEXT('Ground-Truth'!$D$3,"0"),1,0)) -> 1 | R11: =IF(OR('Ground-Truth'!$C$4<>"Ja",'Ground-Truth'!$D$4=""),"",IF(TEXT(M11,"0")=TEXT('Ground-Truth'!$D$4,"0"),1,0)) -> 1 | S11: =IF(OR('Ground-Truth'!$C$5<>"Ja",'Ground-Truth'!$D$5=""),"",IF(TEXT(N11,"0")=TEXT('Ground-Truth'!$D$5,"0"),1,0)) | T11: =IF(OR('Ground-Truth'!$C$6<>"Ja",'Ground-Truth'!$D$6=""),"",IF(TEXT(O11,"0")=TEXT('Ground-Truth'!$D$6,"0"),1,0)) | U11: =SUM(P11:T11) -> 2 | V11: =COUNT(P11:T11) -> 3 | W11: =IF(V11=0,0,U11/V11*100) -> 66.666667 | X11: =C11&"_"&B11 -> gpt-4o-mini_C2_Precision
A12: full_benchmark_report1.json | B12: C3_Single | C12: gpt-4o-mini | D12: 1 | E12: 21.34 | F12: 0.017291 | G12: 112054 | H12: 804 | I12: =G12+H12 -> 112858 | J12: 5 | K12: 864 | L12: 38 | M12: 39 | N12: 39 | O12: 839 | P12: =IF(OR('Ground-Truth'!$C$2<>"Ja",'Ground-Truth'!$D$2=""),"",IF(TEXT(K12,"0")=TEXT('Ground-Truth'!$D$2,"0"),1,0)) -> 1 | Q12: =IF(OR('Ground-Truth'!$C$3<>"Ja",'Ground-Truth'!$D$3=""),"",IF(TEXT(L12,"0")=TEXT('Ground-Truth'!$D$3,"0"),1,0)) -> 1 | R12: =IF(OR('Ground-Truth'!$C$4<>"Ja",'Ground-Truth'!$D$4=""),"",IF(TEXT(M12,"0")=TEXT('Ground-Truth'!$D$4,"0"),1,0)) -> 1 | S12: =IF(OR('Ground-Truth'!$C$5<>"Ja",'Ground-Truth'!$D$5=""),"",IF(TEXT(N12,"0")=TEXT('Ground-Truth'!$D$5,"0"),1,0)) | T12: =IF(OR('Ground-Truth'!$C$6<>"Ja",'Ground-Truth'!$D$6=""),"",IF(TEXT(O12,"0")=TEXT('Ground-Truth'!$D$6,"0"),1,0)) | U12: =SUM(P12:T12) -> 3 | V12: =COUNT(P12:T12) -> 3 | W12: =IF(V12=0,0,U12/V12*100) -> 100 | X12: =C12&"_"&B12 -> gpt-4o-mini_C3_Single
A13: full_benchmark_report1.json | B13: C3_Single | C13: gpt-4o-mini | D13: 2 | E13: 18.87 | F13: 0.017267 | G13: 112054 | H13: 765 | I13: =G13+H13 -> 112819 | J13: 5 | K13: 934 | L13: 38 | M13: 39 | N13: 39 | O13: 839 | P13: =IF(OR('Ground-Truth'!$C$2<>"Ja",'Ground-Truth'!$D$2=""),"",IF(TEXT(K13,"0")=TEXT('Ground-Truth'!$D$2,"0"),1,0)) -> 0 | Q13: =IF(OR('Ground-Truth'!$C$3<>"Ja",'Ground-Truth'!$D$3=""),"",IF(TEXT(L13,"0")=TEXT('Ground-Truth'!$D$3,"0"),1,0)) -> 1 | R13: =IF(OR('Ground-Truth'!$C$4<>"Ja",'Ground-Truth'!$D$4=""),"",IF(TEXT(M13,"0")=TEXT('Ground-Truth'!$D$4,"0"),1,0)) -> 1 | S13: =IF(OR('Ground-Truth'!$C$5<>"Ja",'Ground-Truth'!$D$5=""),"",IF(TEXT(N13,"0")=TEXT('Ground-Truth'!$D$5,"0"),1,0)) | T13: =IF(OR('Ground-Truth'!$C$6<>"Ja",'Ground-Truth'!$D$6=""),"",IF(TEXT(O13,"0")=TEXT('Ground-Truth'!$D$6,"0"),1,0)) | U13: =SUM(P13:T13) -> 2 | V13: =COUNT(P13:T13) -> 3 | W13: =IF(V13=0,0,U13/V13*100) -> 66.666667 | X13: =C13&"_"&B13 -> gpt-4o-mini_C3_Single
... A27: full_benchmark_report1.json | B27: C1_Hybrid | C27: gpt-5-nano | D27: 1 | E27: 163.62 | F27: 0.00531 | G27: 23013 | H27: 10399 | I27: =G27+H27 -> 33412 | J27: 1 | K27: 934 | L27: 38 | M27: 39 | N27: 839 | O27: 839 | P27: =IF(OR('Ground-Truth'!$C$2<>"Ja",'Ground-Truth'!$D$2=""),"",IF(TEXT(K27,"0")=TEXT('Ground-Truth'!$D$2,"0"),1,0)) -> 0 | Q27: =IF(OR('Ground-Truth'!$C$3<>"Ja",'Ground-Truth'!$D$3=""),"",IF(TEXT(L27,"0")=TEXT('Ground-Truth'!$D$3,"0"),1,0)) -> 1 | R27: =IF(OR('Ground-Truth'!$C$4<>"Ja",'Ground-Truth'!$D$4=""),"",IF(TEXT(M27,"0")=TEXT('Ground-Truth'!$D$4,"0"),1,0)) -> 1 | S27: =IF(OR('Ground-Truth'!$C$5<>"Ja",'Ground-Truth'!$D$5=""),"",IF(TEXT(N27,"0")=TEXT('Ground-Truth'!$D$5,"0"),1,0)) | T27: =IF(OR('Ground-Truth'!$C$6<>"Ja",'Ground-Truth'!$D$6=""),"",IF(TEXT(O27,"0")=TEXT('Ground-Truth'!$D$6,"0"),1,0)) | U27: =SUM(P27:T27) -> 2 | V27: =COUNT(P27:T27) -> 3 | W27: =IF(V27=0,0,U27/V27*100) -> 66.666667 | X27: =C27&"_"&B27 -> gpt-5-nano_C1_Hybrid
A28: full_benchmark_report1.json | B28: C1_Hybrid | C28: gpt-5-nano | D28: 2 | E28: 268.7 | F28: 0.004895 | G28: 23013 | H28: 9360 | I28: =G28+H28 -> 32373 | J28: 1 | K28: 934 | L28: 38 | M28: 934 | N28: 839 | P28: =IF(OR('Ground-Truth'!$C$2<>"Ja",'Ground-Truth'!$D$2=""),"",IF(TEXT(K28,"0")=TEXT('Ground-Truth'!$D$2,"0"),1,0)) -> 0 | Q28: =IF(OR('Ground-Truth'!$C$3<>"Ja",'Ground-Truth'!$D$3=""),"",IF(TEXT(L28,"0")=TEXT('Ground-Truth'!$D$3,"0"),1,0)) -> 1 | R28: =IF(OR('Ground-Truth'!$C$4<>"Ja",'Ground-Truth'!$D$4=""),"",IF(TEXT(M28,"0")=TEXT('Ground-Truth'!$D$4,"0"),1,0)) -> 0 | S28: =IF(OR('Ground-Truth'!$C$5<>"Ja",'Ground-Truth'!$D$5=""),"",IF(TEXT(N28,"0")=TEXT('Ground-Truth'!$D$5,"0"),1,0)) | T28: =IF(OR('Ground-Truth'!$C$6<>"Ja",'Ground-Truth'!$D$6=""),"",IF(TEXT(O28,"0")=TEXT('Ground-Truth'!$D$6,"0"),1,0)) | U28: =SUM(P28:T28) -> 1 | V28: =COUNT(P28:T28) -> 3 | W28: =IF(V28=0,0,U28/V28*100) -> 33.333333 | X28: =C28&"_"&B28 -> gpt-5-nano_C1_Hybrid
A29: full_benchmark_report1.json | B29: C1_Hybrid | C29: gpt-5-nano | D29: 3 | E29: 100.73 | F29: 0.005655 | G29: 23013 | H29: 11262 | I29: =G29+H29 -> 34275 | J29: 1 | K29: 934 | L29: 38 | M29: 39 | N29: 839 | O29: 839 | P29: =IF(OR('Ground-Truth'!$C$2<>"Ja",'Ground-Truth'!$D$2=""),"",IF(TEXT(K29,"0")=TEXT('Ground-Truth'!$D$2,"0"),1,0)) -> 0 | Q29: =IF(OR('Ground-Truth'!$C$3<>"Ja",'Ground-Truth'!$D$3=""),"",IF(TEXT(L29,"0")=TEXT('Ground-Truth'!$D$3,"0"),1,0)) -> 1 | R29: =IF(OR('Ground-Truth'!$C$4<>"Ja",'Ground-Truth'!$D$4=""),"",IF(TEXT(M29,"0")=TEXT('Ground-Truth'!$D$4,"0"),1,0)) -> 1 | S29: =IF(OR('Ground-Truth'!$C$5<>"Ja",'Ground-Truth'!$D$5=""),"",IF(TEXT(N29,"0")=TEXT('Ground-Truth'!$D$5,"0"),1,0)) | T29: =IF(OR('Ground-Truth'!$C$6<>"Ja",'Ground-Truth'!$D$6=""),"",IF(TEXT(O29,"0")=TEXT('Ground-Truth'!$D$6,"0"),1,0)) | U29: =SUM(P29:T29) -> 2 | V29: =COUNT(P29:T29) -> 3 | W29: =IF(V29=0,0,U29/V29*100) -> 66.666667 | X29: =C29&"_"&B29 -> gpt-5-nano_C1_Hybrid
A30: full_benchmark_report1.json | B30: C1_Hybrid | C30: gpt-5-nano | D30: 4 | E30: 119.77 | F30: 0.006009 | G30: 23013 | H30: 12146 | I30: =G30+H30 -> 35159 | J30: 1 | K30: 934 | L30: 38 | M30: 934 | N30: 838 | P30: =IF(OR('Ground-Truth'!$C$2<>"Ja",'Ground-Truth'!$D$2=""),"",IF(TEXT(K30,"0")=TEXT('Ground-Truth'!$D$2,"0"),1,0)) -> 0 | Q30: =IF(OR('Ground-Truth'!$C$3<>"Ja",'Ground-Truth'!$D$3=""),"",IF(TEXT(L30,"0")=TEXT('Ground-Truth'!$D$3,"0"),1,0)) -> 1 | R30: =IF(OR('Ground-Truth'!$C$4<>"Ja",'Ground-Truth'!$D$4=""),"",IF(TEXT(M30,"0")=TEXT('Ground-Truth'!$D$4,"0"),1,0)) -> 0 | S30: =IF(OR('Ground-Truth'!$C$5<>"Ja",'Ground-Truth'!$D$5=""),"",IF(TEXT(N30,"0")=TEXT('Ground-Truth'!$D$5,"0"),1,0)) | T30: =IF(OR('Ground-Truth'!$C$6<>"Ja",'Ground-Truth'!$D$6=""),"",IF(TEXT(O30,"0")=TEXT('Ground-Truth'!$D$6,"0"),1,0)) | U30: =SUM(P30:T30) -> 1 | V30: =COUNT(P30:T30) -> 3 | W30: =IF(V30=0,0,U30/V30*100) -> 33.333333 | X30: =C30&"_"&B30 -> gpt-5-nano_C1_Hybrid
A31: full_benchmark_report1.json | B31: C1_Hybrid | C31: gpt-5-nano | D31: 5 | E31: 86.36 | F31: 0.005463 | G31: 23013 | H31: 10781 | I31: =G31+H31 -> 33794 | J31: 1 | K31: 934 | L31: 38 | M31: 39 | N31: 934 | O31: 549 | P31: =IF(OR('Ground-Truth'!$C$2<>"Ja",'Ground-Truth'!$D$2=""),"",IF(TEXT(K31,"0")=TEXT('Ground-Truth'!$D$2,"0"),1,0)) -> 0 | Q31: =IF(OR('Ground-Truth'!$C$3<>"Ja",'Ground-Truth'!$D$3=""),"",IF(TEXT(L31,"0")=TEXT('Ground-Truth'!$D$3,"0"),1,0)) -> 1 | R31: =IF(OR('Ground-Truth'!$C$4<>"Ja",'Ground-Truth'!$D$4=""),"",IF(TEXT(M31,"0")=TEXT('Ground-Truth'!$D$4,"0"),1,0)) -> 1 | S31: =IF(OR('Ground-Truth'!$C$5<>"Ja",'Ground-Truth'!$D$5=""),"",IF(TEXT(N31,"0")=TEXT('Ground-Truth'!$D$5,"0"),1,0)) | T31: =IF(OR('Ground-Truth'!$C$6<>"Ja",'Ground-Truth'!$D$6=""),"",IF(TEXT(O31,"0")=TEXT('Ground-Truth'!$D$6,"0"),1,0)) | U31: =SUM(P31:T31) -> 2 | V31: =COUNT(P31:T31) -> 3 | W31: =IF(V31=0,0,U31/V31*100) -> 66.666667 | X31: =C31&"_"&B31 -> gpt-5-nano_C1_Hybrid
A32: full_benchmark_report1.json | B32: C2_Precision | C32: gpt-5-nano | D32: 1 | E32: 209.41 | F32: 0.010517 | G32: 6571 | H32: 25472 | I32: =G32+H32 -> 32043 | J32: 5 | K32: 934 | L32: 38 | M32: 39 | N32: 39 | O32: 839 | P32: =IF(OR('Ground-Truth'!$C$2<>"Ja",'Ground-Truth'!$D$2=""),"",IF(TEXT(K32,"0")=TEXT('Ground-Truth'!$D$2,"0"),1,0)) -> 0 | Q32: =IF(OR('Ground-Truth'!$C$3<>"Ja",'Ground-Truth'!$D$3=""),"",IF(TEXT(L32,"0")=TEXT('Ground-Truth'!$D$3,"0"),1,0)) -> 1 | R32: =IF(OR('Ground-Truth'!$C$4<>"Ja",'Ground-Truth'!$D$4=""),"",IF(TEXT(M32,"0")=TEXT('Ground-Truth'!$D$4,"0"),1,0)) -> 1 | S32: =IF(OR('Ground-Truth'!$C$5<>"Ja",'Ground-Truth'!$D$5=""),"",IF(TEXT(N32,"0")=TEXT('Ground-Truth'!$D$5,"0"),1,0)) | T32: =IF(OR('Ground-Truth'!$C$6<>"Ja",'Ground-Truth'!$D$6=""),"",IF(TEXT(O32,"0")=TEXT('Ground-Truth'!$D$6,"0"),1,0)) | U32: =SUM(P32:T32) -> 2 | V32: =COUNT(P32:T32) -> 3 | W32: =IF(V32=0,0,U32/V32*100) -> 66.666667 | X32: =C32&"_"&B32 -> gpt-5-nano_C2_Precision
A33: full_benchmark_report1.json | B33: C2_Precision | C33: gpt-5-nano | D33: 2 | E33: 155.43 | F33: 0.008354 | G33: 6571 | H33: 20064 | I33: =G33+H33 -> 26635 | J33: 5 | K33: 934 | L33: 38 | M33: 39 | N33: 39 | O33: 839 | P33: =IF(OR('Ground-Truth'!$C$2<>"Ja",'Ground-Truth'!$D$2=""),"",IF(TEXT(K33,"0")=TEXT('Ground-Truth'!$D$2,"0"),1,0)) -> 0 | Q33: =IF(OR('Ground-Truth'!$C$3<>"Ja",'Ground-Truth'!$D$3=""),"",IF(TEXT(L33,"0")=TEXT('Ground-Truth'!$D$3,"0"),1,0)) -> 1 | R33: =IF(OR('Ground-Truth'!$C$4<>"Ja",'Ground-Truth'!$D$4=""),"",IF(TEXT(M33,"0")=TEXT('Ground-Truth'!$D$4,"0"),1,0)) -> 1 | S33: =IF(OR('Ground-Truth'!$C$5<>"Ja",'Ground-Truth'!$D$5=""),"",IF(TEXT(N33,"0")=TEXT('Ground-Truth'!$D$5,"0"),1,0)) | T33: =IF(OR('Ground-Truth'!$C$6<>"Ja",'Ground-Truth'!$D$6=""),"",IF(TEXT(O33,"0")=TEXT('Ground-Truth'!$D$6,"0"),1,0)) | U33: =SUM(P33:T33) -> 2 | V33: =COUNT(P33:T33) -> 3 | W33: =IF(V33=0,0,U33/V33*100) -> 66.666667 | X33: =C33&"_"&B33 -> gpt-5-nano_C2_Precision
A34: full_benchmark_report1.json | B34: C2_Precision | C34: gpt-5-nano | D34: 3 | E34: 150.68 | F34: 0.008307 | G34: 6571 | H34: 19947 | I34: =G34+H34 -> 26518 | J34: 5 | K34: 934 | L34: 38 | M34: 39 | N34: 39 | O34: 839 | P34: =IF(OR('Ground-Truth'!$C$2<>"Ja",'Ground-Truth'!$D$2=""),"",IF(TEXT(K34,"0")=TEXT('Ground-Truth'!$D$2,"0"),1,0)) -> 0 | Q34: =IF(OR('Ground-Truth'!$C$3<>"Ja",'Ground-Truth'!$D$3=""),"",IF(TEXT(L34,"0")=TEXT('Ground-Truth'!$D$3,"0"),1,0)) -> 1 | R34: =IF(OR('Ground-Truth'!$C$4<>"Ja",'Ground-Truth'!$D$4=""),"",IF(TEXT(M34,"0")=TEXT('Ground-Truth'!$D$4,"0"),1,0)) -> 1 | S34: =IF(OR('Ground-Truth'!$C$5<>"Ja",'Ground-Truth'!$D$5=""),"",IF(TEXT(N34,"0")=TEXT('Ground-Truth'!$D$5,"0"),1,0)) | T34: =IF(OR('Ground-Truth'!$C$6<>"Ja",'Ground-Truth'!$D$6=""),"",IF(TEXT(O34,"0")=TEXT('Ground-Truth'!$D$6,"0"),1,0)) | U34: =SUM(P34:T34) -> 2 | V34: =COUNT(P34:T34) -> 3 | W34: =IF(V34=0,0,U34/V34*100) -> 66.666667 | X34: =C34&"_"&B34 -> gpt-5-nano_C2_Precision
A35: full_benchmark_report1.json | B35: C2_Precision | C35: gpt-5-nano | D35: 4 | E35: 206.35 | F35: 0.008153 | G35: 6571 | H35: 19560 | I35: =G35+H35 -> 26131 | J35: 5 | K35: 934 | L35: 38 | M35: 39 | N35: 39 | O35: 839 | P35: =IF(OR('Ground-Truth'!$C$2<>"Ja",'Ground-Truth'!$D$2=""),"",IF(TEXT(K35,"0")=TEXT('Ground-Truth'!$D$2,"0"),1,0)) -> 0 | Q35: =IF(OR('Ground-Truth'!$C$3<>"Ja",'Ground-Truth'!$D$3=""),"",IF(TEXT(L35,"0")=TEXT('Ground-Truth'!$D$3,"0"),1,0)) -> 1 | R35: =IF(OR('Ground-Truth'!$C$4<>"Ja",'Ground-Truth'!$D$4=""),"",IF(TEXT(M35,"0")=TEXT('Ground-Truth'!$D$4,"0"),1,0)) -> 1 | S35: =IF(OR('Ground-Truth'!$C$5<>"Ja",'Ground-Truth'!$D$5=""),"",IF(TEXT(N35,"0")=TEXT('Ground-Truth'!$D$5,"0"),1,0)) | T35: =IF(OR('Ground-Truth'!$C$6<>"Ja",'Ground-Truth'!$D$6=""),"",IF(TEXT(O35,"0")=TEXT('Ground-Truth'!$D$6,"0"),1,0)) | U35: =SUM(P35:T35) -> 2 | V35: =COUNT(P35:T35) -> 3 | W35: =IF(V35=0,0,U35/V35*100) -> 66.666667 | X35: =C35&"_"&B35 -> gpt-5-nano_C2_Precision
A36: full_benchmark_report1.json | B36: C2_Precision | C36: gpt-5-nano | D36: 5 | E36: 264.15 | F36: 0.008079 | G36: 6571 | H36: 19376 | I36: =G36+H36 -> 25947 | J36: 5 | K36: 934 | L36: 38 | M36: 39 | N36: 39 | O36: 839 | P36: =IF(OR('Ground-Truth'!$C$2<>"Ja",'Ground-Truth'!$D$2=""),"",IF(TEXT(K36,"0")=TEXT('Ground-Truth'!$D$2,"0"),1,0)) -> 0 | Q36: =IF(OR('Ground-Truth'!$C$3<>"Ja",'Ground-Truth'!$D$3=""),"",IF(TEXT(L36,"0")=TEXT('Ground-Truth'!$D$3,"0"),1,0)) -> 1 | R36: =IF(OR('Ground-Truth'!$C$4<>"Ja",'Ground-Truth'!$D$4=""),"",IF(TEXT(M36,"0")=TEXT('Ground-Truth'!$D$4,"0"),1,0)) -> 1 | S36: =IF(OR('Ground-Truth'!$C$5<>"Ja",'Ground-Truth'!$D$5=""),"",IF(TEXT(N36,"0")=TEXT('Ground-Truth'!$D$5,"0"),1,0)) | T36: =IF(OR('Ground-Truth'!$C$6<>"Ja",'Ground-Truth'!$D$6=""),"",IF(TEXT(O36,"0")=TEXT('Ground-Truth'!$D$6,"0"),1,0)) | U36: =SUM(P36:T36) -> 2 | V36: =COUNT(P36:T36) -> 3 | W36: =IF(V36=0,0,U36/V36*100) -> 66.666667 | X36: =C36&"_"&B36 -> gpt-5-nano_C2_Precision
A37: full_benchmark_report1.json | B37: C3_Single | C37: gpt-5-nano | D37: 1 | E37: 302.29 | F37: 0.012678 | G37: 112049 | H37: 17689 | I37: =G37+H37 -> 129738 | J37: 5 | K37: 934 | L37: 38 | M37: 39 | N37: 934 | O37: 549 | P37: =IF(OR('Ground-Truth'!$C$2<>"Ja",'Ground-Truth'!$D$2=""),"",IF(TEXT(K37,"0")=TEXT('Ground-Truth'!$D$2,"0"),1,0)) -> 0 | Q37: =IF(OR('Ground-Truth'!$C$3<>"Ja",'Ground-Truth'!$D$3=""),"",IF(TEXT(L37,"0")=TEXT('Ground-Truth'!$D$3,"0"),1,0)) -> 1 | R37: =IF(OR('Ground-Truth'!$C$4<>"Ja",'Ground-Truth'!$D$4=""),"",IF(TEXT(M37,"0")=TEXT('Ground-Truth'!$D$4,"0"),1,0)) -> 1 | S37: =IF(OR('Ground-Truth'!$C$5<>"Ja",'Ground-Truth'!$D$5=""),"",IF(TEXT(N37,"0")=TEXT('Ground-Truth'!$D$5,"0"),1,0)) | T37: =IF(OR('Ground-Truth'!$C$6<>"Ja",'Ground-Truth'!$D$6=""),"",IF(TEXT(O37,"0")=TEXT('Ground-Truth'!$D$6,"0"),1,0)) | U37: =SUM(P37:T37) -> 2 | V37: =COUNT(P37:T37) -> 3 | W37: =IF(V37=0,0,U37/V37*100) -> 66.666667 | X37: =C37&"_"&B37 -> gpt-5-nano_C3_Single
A38: full_benchmark_report1.json | B38: C3_Single | C38: gpt-5-nano | D38: 2 | E38: 213.4 | F38: 0.011836 | G38: 112049 | H38: 15583 | I38: =G38+H38 -> 127632 | J38: 5 | K38: 934 | L38: 38 | M38: 39 | N38: 39 | O38: 549 | P38: =IF(OR('Ground-Truth'!$C$2<>"Ja",'Ground-Truth'!$D$2=""),"",IF(TEXT(K38,"0")=TEXT('Ground-Truth'!$D$2,"0"),1,0)) -> 0 | Q38: =IF(OR('Ground-Truth'!$C$3<>"Ja",'Ground-Truth'!$D$3=""),"",IF(TEXT(L38,"0")=TEXT('Ground-Truth'!$D$3,"0"),1,0)) -> 1 | R38: =IF(OR('Ground-Truth'!$C$4<>"Ja",'Ground-Truth'!$D$4=""),"",IF(TEXT(M38,"0")=TEXT('Ground-Truth'!$D$4,"0"),1,0)) -> 1 | S38: =IF(OR('Ground-Truth'!$C$5<>"Ja",'Ground-Truth'!$D$5=""),"",IF(TEXT(N38,"0")=TEXT('Ground-Truth'!$D$5,"0"),1,0)) | T38: =IF(OR('Ground-Truth'!$C$6<>"Ja",'Ground-Truth'!$D$6=""),"",IF(TEXT(O38,"0")=TEXT('Ground-Truth'!$D$6,"0"),1,0)) | U38: =SUM(P38:T38) -> 2 | V38: =COUNT(P38:T38) -> 3 | W38: =IF(V38=0,0,U38/V38*100) -> 66.666667 | X38: =C38&"_"&B38 -> gpt-5-nano_C3_Single
A39: full_benchmark_report1.json | B39: C3_Single | C39: gpt-5-nano | D39: 3 | E39: 240.42 | F39: 0.012882 | G39: 112049 | H39: 18199 | I39: =G39+H39 -> 130248 | J39: 5 | K39: 934 | L39: 38 | M39: 39 | N39: 39 | O39: 839 | P39: =IF(OR('Ground-Truth'!$C$2<>"Ja",'Ground-Truth'!$D$2=""),"",IF(TEXT(K39,"0")=TEXT('Ground-Truth'!$D$2,"0"),1,0)) -> 0 | Q39: =IF(OR('Ground-Truth'!$C$3<>"Ja",'Ground-Truth'!$D$3=""),"",IF(TEXT(L39,"0")=TEXT('Ground-Truth'!$D$3,"0"),1,0)) -> 1 | R39: =IF(OR('Ground-Truth'!$C$4<>"Ja",'Ground-Truth'!$D$4=""),"",IF(TEXT(M39,"0")=TEXT('Ground-Truth'!$D$4,"0"),1,0)) -> 1 | S39: =IF(OR('Ground-Truth'!$C$5<>"Ja",'Ground-Truth'!$D$5=""),"",IF(TEXT(N39,"0")=TEXT('Ground-Truth'!$D$5,"0"),1,0)) | T39: =IF(OR('Ground-Truth'!$C$6<>"Ja",'Ground-Truth'!$D$6=""),"",IF(TEXT(O39,"0")=TEXT('Ground-Truth'!$D$6,"0"),1,0)) | U39: =SUM(P39:T39) -> 2 | V39: =COUNT(P39:T39) -> 3 | W39: =IF(V39=0,0,U39/V39*100) -> 66.666667 | X39: =C39&"_"&B39 -> gpt-5-nano_C3_Single
A40: full_benchmark_report1.json | B40: C3_Single | C40: gpt-5-nano | D40: 4 | E40: 186.76 | F40: 0.013539 | G40: 112049 | H40: 19841 | I40: =G40+H40 -> 131890 | J40: 5 | K40: 934 | L40: 38 | M40: 934 | N40: 39 | O40: 549 | P40: =IF(OR('Ground-Truth'!$C$2<>"Ja",'Ground-Truth'!$D$2=""),"",IF(TEXT(K40,"0")=TEXT('Ground-Truth'!$D$2,"0"),1,0)) -> 0 | Q40: =IF(OR('Ground-Truth'!$C$3<>"Ja",'Ground-Truth'!$D$3=""),"",IF(TEXT(L40,"0")=TEXT('Ground-Truth'!$D$3,"0"),1,0)) -> 1 | R40: =IF(OR('Ground-Truth'!$C$4<>"Ja",'Ground-Truth'!$D$4=""),"",IF(TEXT(M40,"0")=TEXT('Ground-Truth'!$D$4,"0"),1,0)) -> 0 | S40: =IF(OR('Ground-Truth'!$C$5<>"Ja",'Ground-Truth'!$D$5=""),"",IF(TEXT(N40,"0")=TEXT('Ground-Truth'!$D$5,"0"),1,0)) | T40: =IF(OR('Ground-Truth'!$C$6<>"Ja",'Ground-Truth'!$D$6=""),"",IF(TEXT(O40,"0")=TEXT('Ground-Truth'!$D$6,"0"),1,0)) | U40: =SUM(P40:T40) -> 1 | V40: =COUNT(P40:T40) -> 3 | W40: =IF(V40=0,0,U40/V40*100) -> 33.333333 | X40: =C40&"_"&B40 -> gpt-5-nano_C3_Single
A41: full_benchmark_report1.json | B41: C3_Single | C41: gpt-5-nano | D41: 5 | E41: 190.1 | F41: 0.014075 | G41: 112049 | H41: 21181 | I41: =G41+H41 -> 133230 | J41: 5 | K41: 934 | L41: 38 | M41: 39 | N41: 934 | O41: 549 | P41: =IF(OR('Ground-Truth'!$C$2<>"Ja",'Ground-Truth'!$D$2=""),"",IF(TEXT(K41,"0")=TEXT('Ground-Truth'!$D$2,"0"),1,0)) -> 0 | Q41: =IF(OR('Ground-Truth'!$C$3<>"Ja",'Ground-Truth'!$D$3=""),"",IF(TEXT(L41,"0")=TEXT('Ground-Truth'!$D$3,"0"),1,0)) -> 1 | R41: =IF(OR('Ground-Truth'!$C$4<>"Ja",'Ground-Truth'!$D$4=""),"",IF(TEXT(M41,"0")=TEXT('Ground-Truth'!$D$4,"0"),1,0)) -> 1 | S41: =IF(OR('Ground-Truth'!$C$5<>"Ja",'Ground-Truth'!$D$5=""),"",IF(TEXT(N41,"0")=TEXT('Ground-Truth'!$D$5,"0"),1,0)) | T41: =IF(OR('Ground-Truth'!$C$6<>"Ja",'Ground-Truth'!$D$6=""),"",IF(TEXT(O41,"0")=TEXT('Ground-Truth'!$D$6,"0"),1,0)) | U41: =SUM(P41:T41) -> 2 | V41: =COUNT(P41:T41) -> 3 | W41: =IF(V41=0,0,U41/V41*100) -> 66.666667 | X41: =C41&"_"&B41 -> gpt-5-nano_C3_Single
A42: full_benchmark_report1.json | B42: C4_Baseline | C42: gpt-5-nano | D42: 1 | E42: 117.03 | F42: 0.011822 | G42: 112049 | H42: 15548 | I42: =G42+H42 -> 127597 | J42: 5 | K42: 864 | L42: 38 | M42: 39 | N42: 39 | O42: 549 | P42: =IF(OR('Ground-Truth'!$C$2<>"Ja",'Ground-Truth'!$D$2=""),"",IF(TEXT(K42,"0")=TEXT('Ground-Truth'!$D$2,"0"),1,0)) -> 1 | Q42: =IF(OR('Ground-Truth'!$C$3<>"Ja",'Ground-Truth'!$D$3=""),"",IF(TEXT(L42,"0")=TEXT('Ground-Truth'!$D$3,"0"),1,0)) -> 1 | R42: =IF(OR('Ground-Truth'!$C$4<>"Ja",'Ground-Truth'!$D$4=""),"",IF(TEXT(M42,"0")=TEXT('Ground-Truth'!$D$4,"0"),1,0)) -> 1 | S42: =IF(OR('Ground-Truth'!$C$5<>"Ja",'Ground-Truth'!$D$5=""),"",IF(TEXT(N42,"0")=TEXT('Ground-Truth'!$D$5,"0"),1,0)) | T42: =IF(OR('Ground-Truth'!$C$6<>"Ja",'Ground-Truth'!$D$6=""),"",IF(TEXT(O42,"0")=TEXT('Ground-Truth'!$D$6,"0"),1,0)) | U42: =SUM(P42:T42) -> 3 | V42: =COUNT(P42:T42) -> 3 | W42: =IF(V42=0,0,U42/V42*100) -> 100 | X42: =C42&"_"&B42 -> gpt-5-nano_C4_Baseline
... A116: full_benchmark_report2.json | B116: C8_BatchFiltered_NoName | C116: gpt-4o-mini | D116: 5 | E116: 9.66 | F116: 0.000924 | G116: 4419 | H116: 435 | I116: =G116+H116 -> 4854 | J116: 1 | K116: 864 | L116: 38 | M116: 39 | N116: 39 | O116: 839 | P116: =IF(OR('Ground-Truth'!$C$2<>"Ja",'Ground-Truth'!$D$2=""),"",IF(TEXT(K116,"0")=TEXT('Ground-Truth'!$D$2,"0"),1,0)) -> 1 | Q116: =IF(OR('Ground-Truth'!$C$3<>"Ja",'Ground-Truth'!$D$3=""),"",IF(TEXT(L116,"0")=TEXT('Ground-Truth'!$D$3,"0"),1,0)) -> 1 | R116: =IF(OR('Ground-Truth'!$C$4<>"Ja",'Ground-Truth'!$D$4=""),"",IF(TEXT(M116,"0")=TEXT('Ground-Truth'!$D$4,"0"),1,0)) -> 1 | S116: =IF(OR('Ground-Truth'!$C$5<>"Ja",'Ground-Truth'!$D$5=""),"",IF(TEXT(N116,"0")=TEXT('Ground-Truth'!$D$5,"0"),1,0)) | T116: =IF(OR('Ground-Truth'!$C$6<>"Ja",'Ground-Truth'!$D$6=""),"",IF(TEXT(O116,"0")=TEXT('Ground-Truth'!$D$6,"0"),1,0)) | U116: =SUM(P116:T116) -> 3 | V116: =COUNT(P116:T116) -> 3 | W116: =IF(V116=0,0,U116/V116*100) -> 100 | X116: =C116&"_"&B116 -> gpt-4o-mini_C8_BatchFiltered_NoName
A117: full_benchmark_report2.json | B117: C6_BatchOnly | C117: gpt-5-nano | D117: 1 | E117: 41.25 | F117: 0.004154 | G117: 23013 | H117: 7509 | I117: =G117+H117 -> 30522 | J117: 1 | K117: 864 | L117: 38 | M117: 39 | N117: 39 | P117: =IF(OR('Ground-Truth'!$C$2<>"Ja",'Ground-Truth'!$D$2=""),"",IF(TEXT(K117,"0")=TEXT('Ground-Truth'!$D$2,"0"),1,0)) -> 1 | Q117: =IF(OR('Ground-Truth'!$C$3<>"Ja",'Ground-Truth'!$D$3=""),"",IF(TEXT(L117,"0")=TEXT('Ground-Truth'!$D$3,"0"),1,0)) -> 1 | R117: =IF(OR('Ground-Truth'!$C$4<>"Ja",'Ground-Truth'!$D$4=""),"",IF(TEXT(M117,"0")=TEXT('Ground-Truth'!$D$4,"0"),1,0)) -> 1 | S117: =IF(OR('Ground-Truth'!$C$5<>"Ja",'Ground-Truth'!$D$5=""),"",IF(TEXT(N117,"0")=TEXT('Ground-Truth'!$D$5,"0"),1,0)) | T117: =IF(OR('Ground-Truth'!$C$6<>"Ja",'Ground-Truth'!$D$6=""),"",IF(TEXT(O117,"0")=TEXT('Ground-Truth'!$D$6,"0"),1,0)) | U117: =SUM(P117:T117) -> 3 | V117: =COUNT(P117:T117) -> 3 | W117: =IF(V117=0,0,U117/V117*100) -> 100 | X117: =C117&"_"&B117 -> gpt-5-nano_C6_BatchOnly
A118: full_benchmark_report2.json | B118: C6_BatchOnly | C118: gpt-5-nano | D118: 2 | E118: 40.57 | F118: 0.00448 | G118: 23013 | H118: 8324 | I118: =G118+H118 -> 31337 | J118: 1 | K118: 864 | L118: 38 | M118: 39 | N118: 934 | O118: 839 | P118: =IF(OR('Ground-Truth'!$C$2<>"Ja",'Ground-Truth'!$D$2=""),"",IF(TEXT(K118,"0")=TEXT('Ground-Truth'!$D$2,"0"),1,0)) -> 1 | Q118: =IF(OR('Ground-Truth'!$C$3<>"Ja",'Ground-Truth'!$D$3=""),"",IF(TEXT(L118,"0")=TEXT('Ground-Truth'!$D$3,"0"),1,0)) -> 1 | R118: =IF(OR('Ground-Truth'!$C$4<>"Ja",'Ground-Truth'!$D$4=""),"",IF(TEXT(M118,"0")=TEXT('Ground-Truth'!$D$4,"0"),1,0)) -> 1 | S118: =IF(OR('Ground-Truth'!$C$5<>"Ja",'Ground-Truth'!$D$5=""),"",IF(TEXT(N118,"0")=TEXT('Ground-Truth'!$D$5,"0"),1,0)) | T118: =IF(OR('Ground-Truth'!$C$6<>"Ja",'Ground-Truth'!$D$6=""),"",IF(TEXT(O118,"0")=TEXT('Ground-Truth'!$D$6,"0"),1,0)) | U118: =SUM(P118:T118) -> 3 | V118: =COUNT(P118:T118) -> 3 | W118: =IF(V118=0,0,U118/V118*100) -> 100 | X118: =C118&"_"&B118 -> gpt-5-nano_C6_BatchOnly
A119: full_benchmark_report2.json | B119: C6_BatchOnly | C119: gpt-5-nano | D119: 3 | E119: 53.07 | F119: 0.005023 | G119: 23013 | H119: 9682 | I119: =G119+H119 -> 32695 | J119: 1 | K119: 934 | L119: 38 | M119: 39 | N119: 39 | O119: 839 | P119: =IF(OR('Ground-Truth'!$C$2<>"Ja",'Ground-Truth'!$D$2=""),"",IF(TEXT(K119,"0")=TEXT('Ground-Truth'!$D$2,"0"),1,0)) -> 0 | Q119: =IF(OR('Ground-Truth'!$C$3<>"Ja",'Ground-Truth'!$D$3=""),"",IF(TEXT(L119,"0")=TEXT('Ground-Truth'!$D$3,"0"),1,0)) -> 1 | R119: =IF(OR('Ground-Truth'!$C$4<>"Ja",'Ground-Truth'!$D$4=""),"",IF(TEXT(M119,"0")=TEXT('Ground-Truth'!$D$4,"0"),1,0)) -> 1 | S119: =IF(OR('Ground-Truth'!$C$5<>"Ja",'Ground-Truth'!$D$5=""),"",IF(TEXT(N119,"0")=TEXT('Ground-Truth'!$D$5,"0"),1,0)) | T119: =IF(OR('Ground-Truth'!$C$6<>"Ja",'Ground-Truth'!$D$6=""),"",IF(TEXT(O119,"0")=TEXT('Ground-Truth'!$D$6,"0"),1,0)) | U119: =SUM(P119:T119) -> 2 | V119: =COUNT(P119:T119) -> 3 | W119: =IF(V119=0,0,U119/V119*100) -> 66.666667 | X119: =C119&"_"&B119 -> gpt-5-nano_C6_BatchOnly
A120: full_benchmark_report2.json | B120: C6_BatchOnly | C120: gpt-5-nano | D120: 4 | E120: 108.22 | F120: 0.005771 | G120: 23013 | H120: 11552 | I120: =G120+H120 -> 34565 | J120: 1 | K120: 864 | L120: 38 | M120: 934 | N120: 934 | O120: 839 | P120: =IF(OR('Ground-Truth'!$C$2<>"Ja",'Ground-Truth'!$D$2=""),"",IF(TEXT(K120,"0")=TEXT('Ground-Truth'!$D$2,"0"),1,0)) -> 1 | Q120: =IF(OR('Ground-Truth'!$C$3<>"Ja",'Ground-Truth'!$D$3=""),"",IF(TEXT(L120,"0")=TEXT('Ground-Truth'!$D$3,"0"),1,0)) -> 1 | R120: =IF(OR('Ground-Truth'!$C$4<>"Ja",'Ground-Truth'!$D$4=""),"",IF(TEXT(M120,"0")=TEXT('Ground-Truth'!$D$4,"0"),1,0)) -> 0 | S120: =IF(OR('Ground-Truth'!$C$5<>"Ja",'Ground-Truth'!$D$5=""),"",IF(TEXT(N120,"0")=TEXT('Ground-Truth'!$D$5,"0"),1,0)) | T120: =IF(OR('Ground-Truth'!$C$6<>"Ja",'Ground-Truth'!$D$6=""),"",IF(TEXT(O120,"0")=TEXT('Ground-Truth'!$D$6,"0"),1,0)) | U120: =SUM(P120:T120) -> 2 | V120: =COUNT(P120:T120) -> 3 | W120: =IF(V120=0,0,U120/V120*100) -> 66.666667 | X120: =C120&"_"&B120 -> gpt-5-nano_C6_BatchOnly
A121: full_benchmark_report2.json | B121: C6_BatchOnly | C121: gpt-5-nano | D121: 5 | E121: 56.38 | F121: 0.004119 | G121: 23013 | H121: 7420 | I121: =G121+H121 -> 30433 | J121: 1 | K121: 864 | L121: 38 | M121: 39 | N121: 934 | O121: 839 | P121: =IF(OR('Ground-Truth'!$C$2<>"Ja",'Ground-Truth'!$D$2=""),"",IF(TEXT(K121,"0")=TEXT('Ground-Truth'!$D$2,"0"),1,0)) -> 1 | Q121: =IF(OR('Ground-Truth'!$C$3<>"Ja",'Ground-Truth'!$D$3=""),"",IF(TEXT(L121,"0")=TEXT('Ground-Truth'!$D$3,"0"),1,0)) -> 1 | R121: =IF(OR('Ground-Truth'!$C$4<>"Ja",'Ground-Truth'!$D$4=""),"",IF(TEXT(M121,"0")=TEXT('Ground-Truth'!$D$4,"0"),1,0)) -> 1 | S121: =IF(OR('Ground-Truth'!$C$5<>"Ja",'Ground-Truth'!$D$5=""),"",IF(TEXT(N121,"0")=TEXT('Ground-Truth'!$D$5,"0"),1,0)) | T121: =IF(OR('Ground-Truth'!$C$6<>"Ja",'Ground-Truth'!$D$6=""),"",IF(TEXT(O121,"0")=TEXT('Ground-Truth'!$D$6,"0"),1,0)) | U121: =SUM(P121:T121) -> 3 | V121: =COUNT(P121:T121) -> 3 | W121: =IF(V121=0,0,U121/V121*100) -> 100 | X121: =C121&"_"&B121 -> gpt-5-nano_C6_BatchOnly
A122: full_benchmark_report2.json | B122: C7_FilterOnly | C122: gpt-5-nano | D122: 1 | E122: 151.83 | F122: 0.010727 | G122: 6571 | H122: 25997 | I122: =G122+H122 -> 32568 | J122: 5 | K122: 864 | L122: 38 | M122: 39 | N122: 934 | O122: 839 | P122: =IF(OR('Ground-Truth'!$C$2<>"Ja",'Ground-Truth'!$D$2=""),"",IF(TEXT(K122,"0")=TEXT('Ground-Truth'!$D$2,"0"),1,0)) -> 1 | Q122: =IF(OR('Ground-Truth'!$C$3<>"Ja",'Ground-Truth'!$D$3=""),"",IF(TEXT(L122,"0")=TEXT('Ground-Truth'!$D$3,"0"),1,0)) -> 1 | R122: =IF(OR('Ground-Truth'!$C$4<>"Ja",'Ground-Truth'!$D$4=""),"",IF(TEXT(M122,"0")=TEXT('Ground-Truth'!$D$4,"0"),1,0)) -> 1 | S122: =IF(OR('Ground-Truth'!$C$5<>"Ja",'Ground-Truth'!$D$5=""),"",IF(TEXT(N122,"0")=TEXT('Ground-Truth'!$D$5,"0"),1,0)) | T122: =IF(OR('Ground-Truth'!$C$6<>"Ja",'Ground-Truth'!$D$6=""),"",IF(TEXT(O122,"0")=TEXT('Ground-Truth'!$D$6,"0"),1,0)) | U122: =SUM(P122:T122) -> 3 | V122: =COUNT(P122:T122) -> 3 | W122: =IF(V122=0,0,U122/V122*100) -> 100 | X122: =C122&"_"&B122 -> gpt-5-nano_C7_FilterOnly
A123: full_benchmark_report2.json | B123: C7_FilterOnly | C123: gpt-5-nano | D123: 2 | E123: 114.49 | F123: 0.008787 | G123: 6571 | H123: 21145 | I123: =G123+H123 -> 27716 | J123: 5 | K123: 934 | L123: 38 | M123: 1 | N123: 39 | O123: 839 | P123: =IF(OR('Ground-Truth'!$C$2<>"Ja",'Ground-Truth'!$D$2=""),"",IF(TEXT(K123,"0")=TEXT('Ground-Truth'!$D$2,"0"),1,0)) -> 0 | Q123: =IF(OR('Ground-Truth'!$C$3<>"Ja",'Ground-Truth'!$D$3=""),"",IF(TEXT(L123,"0")=TEXT('Ground-Truth'!$D$3,"0"),1,0)) -> 1 | R123: =IF(OR('Ground-Truth'!$C$4<>"Ja",'Ground-Truth'!$D$4=""),"",IF(TEXT(M123,"0")=TEXT('Ground-Truth'!$D$4,"0"),1,0)) -> 0 | S123: =IF(OR('Ground-Truth'!$C$5<>"Ja",'Ground-Truth'!$D$5=""),"",IF(TEXT(N123,"0")=TEXT('Ground-Truth'!$D$5,"0"),1,0)) | T123: =IF(OR('Ground-Truth'!$C$6<>"Ja",'Ground-Truth'!$D$6=""),"",IF(TEXT(O123,"0")=TEXT('Ground-Truth'!$D$6,"0"),1,0)) | U123: =SUM(P123:T123) -> 1 | V123: =COUNT(P123:T123) -> 3 | W123: =IF(V123=0,0,U123/V123*100) -> 33.333333 | X123: =C123&"_"&B123 -> gpt-5-nano_C7_FilterOnly
A124: full_benchmark_report2.json | B124: C7_FilterOnly | C124: gpt-5-nano | D124: 3 | E124: 183.97 | F124: 0.00942 | G124: 6571 | H124: 22729 | I124: =G124+H124 -> 29300 | J124: 5 | K124: 864 | L124: 38 | M124: 39 | N124: 39 | O124: 839 | P124: =IF(OR('Ground-Truth'!$C$2<>"Ja",'Ground-Truth'!$D$2=""),"",IF(TEXT(K124,"0")=TEXT('Ground-Truth'!$D$2,"0"),1,0)) -> 1 | Q124: =IF(OR('Ground-Truth'!$C$3<>"Ja",'Ground-Truth'!$D$3=""),"",IF(TEXT(L124,"0")=TEXT('Ground-Truth'!$D$3,"0"),1,0)) -> 1 | R124: =IF(OR('Ground-Truth'!$C$4<>"Ja",'Ground-Truth'!$D$4=""),"",IF(TEXT(M124,"0")=TEXT('Ground-Truth'!$D$4,"0"),1,0)) -> 1 | S124: =IF(OR('Ground-Truth'!$C$5<>"Ja",'Ground-Truth'!$D$5=""),"",IF(TEXT(N124,"0")=TEXT('Ground-Truth'!$D$5,"0"),1,0)) | T124: =IF(OR('Ground-Truth'!$C$6<>"Ja",'Ground-Truth'!$D$6=""),"",IF(TEXT(O124,"0")=TEXT('Ground-Truth'!$D$6,"0"),1,0)) | U124: =SUM(P124:T124) -> 3 | V124: =COUNT(P124:T124) -> 3 | W124: =IF(V124=0,0,U124/V124*100) -> 100 | X124: =C124&"_"&B124 -> gpt-5-nano_C7_FilterOnly
A125: full_benchmark_report2.json | B125: C7_FilterOnly | C125: gpt-5-nano | D125: 4 | E125: 241.68 | F125: 0.008265 | G125: 6571 | H125: 19842 | I125: =G125+H125 -> 26413 | J125: 5 | K125: 934 | L125: 38 | M125: 39 | N125: 39 | O125: 839 | P125: =IF(OR('Ground-Truth'!$C$2<>"Ja",'Ground-Truth'!$D$2=""),"",IF(TEXT(K125,"0")=TEXT('Ground-Truth'!$D$2,"0"),1,0)) -> 0 | Q125: =IF(OR('Ground-Truth'!$C$3<>"Ja",'Ground-Truth'!$D$3=""),"",IF(TEXT(L125,"0")=TEXT('Ground-Truth'!$D$3,"0"),1,0)) -> 1 | R125: =IF(OR('Ground-Truth'!$C$4<>"Ja",'Ground-Truth'!$D$4=""),"",IF(TEXT(M125,"0")=TEXT('Ground-Truth'!$D$4,"0"),1,0)) -> 1 | S125: =IF(OR('Ground-Truth'!$C$5<>"Ja",'Ground-Truth'!$D$5=""),"",IF(TEXT(N125,"0")=TEXT('Ground-Truth'!$D$5,"0"),1,0)) | T125: =IF(OR('Ground-Truth'!$C$6<>"Ja",'Ground-Truth'!$D$6=""),"",IF(TEXT(O125,"0")=TEXT('Ground-Truth'!$D$6,"0"),1,0)) | U125: =SUM(P125:T125) -> 2 | V125: =COUNT(P125:T125) -> 3 | W125: =IF(V125=0,0,U125/V125*100) -> 66.666667 | X125: =C125&"_"&B125 -> gpt-5-nano_C7_FilterOnly
A126: full_benchmark_report2.json | B126: C7_FilterOnly | C126: gpt-5-nano | D126: 5 | E126: 189.3 | F126: 0.008689 | G126: 6571 | H126: 20900 | I126: =G126+H126 -> 27471 | J126: 5 | K126: 864 | L126: 38 | M126: 39 | N126: 39 | O126: 839 | P126: =IF(OR('Ground-Truth'!$C$2<>"Ja",'Ground-Truth'!$D$2=""),"",IF(TEXT(K126,"0")=TEXT('Ground-Truth'!$D$2,"0"),1,0)) -> 1 | Q126: =IF(OR('Ground-Truth'!$C$3<>"Ja",'Ground-Truth'!$D$3=""),"",IF(TEXT(L126,"0")=TEXT('Ground-Truth'!$D$3,"0"),1,0)) -> 1 | R126: =IF(OR('Ground-Truth'!$C$4<>"Ja",'Ground-Truth'!$D$4=""),"",IF(TEXT(M126,"0")=TEXT('Ground-Truth'!$D$4,"0"),1,0)) -> 1 | S126: =IF(OR('Ground-Truth'!$C$5<>"Ja",'Ground-Truth'!$D$5=""),"",IF(TEXT(N126,"0")=TEXT('Ground-Truth'!$D$5,"0"),1,0)) | T126: =IF(OR('Ground-Truth'!$C$6<>"Ja",'Ground-Truth'!$D$6=""),"",IF(TEXT(O126,"0")=TEXT('Ground-Truth'!$D$6,"0"),1,0)) | U126: =SUM(P126:T126) -> 3 | V126: =COUNT(P126:T126) -> 3 | W126: =IF(V126=0,0,U126/V126*100) -> 100 | X126: =C126&"_"&B126 -> gpt-5-nano_C7_FilterOnly
A127: full_benchmark_report2.json | B127: C8_BatchFiltered_NoName | C127: gpt-5-nano | D127: 1 | E127: 42.68 | F127: 0.002915 | G127: 4418 | H127: 6735 | I127: =G127+H127 -> 11153 | J127: 1 | K127: 934 | L127: 38 | M127: 39 | N127: 39 | O127: 839 | P127: =IF(OR('Ground-Truth'!$C$2<>"Ja",'Ground-Truth'!$D$2=""),"",IF(TEXT(K127,"0")=TEXT('Ground-Truth'!$D$2,"0"),1,0)) -> 0 | Q127: =IF(OR('Ground-Truth'!$C$3<>"Ja",'Ground-Truth'!$D$3=""),"",IF(TEXT(L127,"0")=TEXT('Ground-Truth'!$D$3,"0"),1,0)) -> 1 | R127: =IF(OR('Ground-Truth'!$C$4<>"Ja",'Ground-Truth'!$D$4=""),"",IF(TEXT(M127,"0")=TEXT('Ground-Truth'!$D$4,"0"),1,0)) -> 1 | S127: =IF(OR('Ground-Truth'!$C$5<>"Ja",'Ground-Truth'!$D$5=""),"",IF(TEXT(N127,"0")=TEXT('Ground-Truth'!$D$5,"0"),1,0)) | T127: =IF(OR('Ground-Truth'!$C$6<>"Ja",'Ground-Truth'!$D$6=""),"",IF(TEXT(O127,"0")=TEXT('Ground-Truth'!$D$6,"0"),1,0)) | U127: =SUM(P127:T127) -> 2 | V127: =COUNT(P127:T127) -> 3 | W127: =IF(V127=0,0,U127/V127*100) -> 66.666667 | X127: =C127&"_"&B127 -> gpt-5-nano_C8_BatchFiltered_NoName
A128: full_benchmark_report2.json | B128: C8_BatchFiltered_NoName | C128: gpt-5-nano | D128: 2 | E128: 41.57 | F128: 0.003019 | G128: 4418 | H128: 6996 | I128: =G128+H128 -> 11414 | J128: 1 | K128: 864 | L128: 38 | M128: 39 | N128: 39 | P128: =IF(OR('Ground-Truth'!$C$2<>"Ja",'Ground-Truth'!$D$2=""),"",IF(TEXT(K128,"0")=TEXT('Ground-Truth'!$D$2,"0"),1,0)) -> 1 | Q128: =IF(OR('Ground-Truth'!$C$3<>"Ja",'Ground-Truth'!$D$3=""),"",IF(TEXT(L128,"0")=TEXT('Ground-Truth'!$D$3,"0"),1,0)) -> 1 | R128: =IF(OR('Ground-Truth'!$C$4<>"Ja",'Ground-Truth'!$D$4=""),"",IF(TEXT(M128,"0")=TEXT('Ground-Truth'!$D$4,"0"),1,0)) -> 1 | S128: =IF(OR('Ground-Truth'!$C$5<>"Ja",'Ground-Truth'!$D$5=""),"",IF(TEXT(N128,"0")=TEXT('Ground-Truth'!$D$5,"0"),1,0)) | T128: =IF(OR('Ground-Truth'!$C$6<>"Ja",'Ground-Truth'!$D$6=""),"",IF(TEXT(O128,"0")=TEXT('Ground-Truth'!$D$6,"0"),1,0)) | U128: =SUM(P128:T128) -> 3 | V128: =COUNT(P128:T128) -> 3 | W128: =IF(V128=0,0,U128/V128*100) -> 100 | X128: =C128&"_"&B128 -> gpt-5-nano_C8_BatchFiltered_NoName
A129: full_benchmark_report2.json | B129: C8_BatchFiltered_NoName | C129: gpt-5-nano | D129: 3 | E129: 78.79 | F129: 0.004082 | G129: 4418 | H129: 9653 | I129: =G129+H129 -> 14071 | J129: 1 | K129: 864 | L129: 38 | M129: 39 | N129: 39 | O129: 839 | P129: =IF(OR('Ground-Truth'!$C$2<>"Ja",'Ground-Truth'!$D$2=""),"",IF(TEXT(K129,"0")=TEXT('Ground-Truth'!$D$2,"0"),1,0)) -> 1 | Q129: =IF(OR('Ground-Truth'!$C$3<>"Ja",'Ground-Truth'!$D$3=""),"",IF(TEXT(L129,"0")=TEXT('Ground-Truth'!$D$3,"0"),1,0)) -> 1 | R129: =IF(OR('Ground-Truth'!$C$4<>"Ja",'Ground-Truth'!$D$4=""),"",IF(TEXT(M129,"0")=TEXT('Ground-Truth'!$D$4,"0"),1,0)) -> 1 | S129: =IF(OR('Ground-Truth'!$C$5<>"Ja",'Ground-Truth'!$D$5=""),"",IF(TEXT(N129,"0")=TEXT('Ground-Truth'!$D$5,"0"),1,0)) | T129: =IF(OR('Ground-Truth'!$C$6<>"Ja",'Ground-Truth'!$D$6=""),"",IF(TEXT(O129,"0")=TEXT('Ground-Truth'!$D$6,"0"),1,0)) | U129: =SUM(P129:T129) -> 3 | V129: =COUNT(P129:T129) -> 3 | W129: =IF(V129=0,0,U129/V129*100) -> 100 | X129: =C129&"_"&B129 -> gpt-5-nano_C8_BatchFiltered_NoName
A130: full_benchmark_report2.json | B130: C8_BatchFiltered_NoName | C130: gpt-5-nano | D130: 4 | E130: 52.59 | F130: 0.003815 | G130: 4418 | H130: 8985 | I130: =G130+H130 -> 13403 | J130: 1 | K130: 934 | L130: 38 | M130: 39 | N130: 39 | O130: 130 | P130: =IF(OR('Ground-Truth'!$C$2<>"Ja",'Ground-Truth'!$D$2=""),"",IF(TEXT(K130,"0")=TEXT('Ground-Truth'!$D$2,"0"),1,0)) -> 0 | Q130: =IF(OR('Ground-Truth'!$C$3<>"Ja",'Ground-Truth'!$D$3=""),"",IF(TEXT(L130,"0")=TEXT('Ground-Truth'!$D$3,"0"),1,0)) -> 1 | R130: =IF(OR('Ground-Truth'!$C$4<>"Ja",'Ground-Truth'!$D$4=""),"",IF(TEXT(M130,"0")=TEXT('Ground-Truth'!$D$4,"0"),1,0)) -> 1 | S130: =IF(OR('Ground-Truth'!$C$5<>"Ja",'Ground-Truth'!$D$5=""),"",IF(TEXT(N130,"0")=TEXT('Ground-Truth'!$D$5,"0"),1,0)) | T130: =IF(OR('Ground-Truth'!$C$6<>"Ja",'Ground-Truth'!$D$6=""),"",IF(TEXT(O130,"0")=TEXT('Ground-Truth'!$D$6,"0"),1,0)) | U130: =SUM(P130:T130) -> 2 | V130: =COUNT(P130:T130) -> 3 | W130: =IF(V130=0,0,U130/V130*100) -> 66.666667 | X130: =C130&"_"&B130 -> gpt-5-nano_C8_BatchFiltered_NoName
A131: full_benchmark_report2.json | B131: C8_BatchFiltered_NoName | C131: gpt-5-nano | D131: 5 | E131: 74.94 | F131: 0.004169 | G131: 4418 | H131: 9871 | I131: =G131+H131 -> 14289 | J131: 1 | K131: 864 | L131: 38 | M131: 39 | N131: 39 | O131: 839 | P131: =IF(OR('Ground-Truth'!$C$2<>"Ja",'Ground-Truth'!$D$2=""),"",IF(TEXT(K131,"0")=TEXT('Ground-Truth'!$D$2,"0"),1,0)) -> 1 | Q131: =IF(OR('Ground-Truth'!$C$3<>"Ja",'Ground-Truth'!$D$3=""),"",IF(TEXT(L131,"0")=TEXT('Ground-Truth'!$D$3,"0"),1,0)) -> 1 | R131: =IF(OR('Ground-Truth'!$C$4<>"Ja",'Ground-Truth'!$D$4=""),"",IF(TEXT(M131,"0")=TEXT('Ground-Truth'!$D$4,"0"),1,0)) -> 1 | S131: =IF(OR('Ground-Truth'!$C$5<>"Ja",'Ground-Truth'!$D$5=""),"",IF(TEXT(N131,"0")=TEXT('Ground-Truth'!$D$5,"0"),1,0)) | T131: =IF(OR('Ground-Truth'!$C$6<>"Ja",'Ground-Truth'!$D$6=""),"",IF(TEXT(O131,"0")=TEXT('Ground-Truth'!$D$6,"0"),1,0)) | U131: =SUM(P131:T131) -> 3 | V131: =COUNT(P131:T131) -> 3 | W131: =IF(V131=0,0,U131/V131*100) -> 100 | X131: =C131&"_"&B131 -> gpt-5-nano_C8_BatchFiltered_NoName
A132: full_benchmark_report2.json | B132: C6_BatchOnly | C132: gpt-5-chat | D132: 1 | E132: 10.44 | F132: 0.038818 | G132: 23014 | H132: 1005 | I132: =G132+H132 -> 24019 | J132: 1 | K132: 864 | L132: 38 | M132: 39 | N132: 39 | O132: 839 | P132: =IF(OR('Ground-Truth'!$C$2<>"Ja",'Ground-Truth'!$D$2=""),"",IF(TEXT(K132,"0")=TEXT('Ground-Truth'!$D$2,"0"),1,0)) -> 1 | Q132: =IF(OR('Ground-Truth'!$C$3<>"Ja",'Ground-Truth'!$D$3=""),"",IF(TEXT(L132,"0")=TEXT('Ground-Truth'!$D$3,"0"),1,0)) -> 1 | R132: =IF(OR('Ground-Truth'!$C$4<>"Ja",'Ground-Truth'!$D$4=""),"",IF(TEXT(M132,"0")=TEXT('Ground-Truth'!$D$4,"0"),1,0)) -> 1 | S132: =IF(OR('Ground-Truth'!$C$5<>"Ja",'Ground-Truth'!$D$5=""),"",IF(TEXT(N132,"0")=TEXT('Ground-Truth'!$D$5,"0"),1,0)) | T132: =IF(OR('Ground-Truth'!$C$6<>"Ja",'Ground-Truth'!$D$6=""),"",IF(TEXT(O132,"0")=TEXT('Ground-Truth'!$D$6,"0"),1,0)) | U132: =SUM(P132:T132) -> 3 | V132: =COUNT(P132:T132) -> 3 | W132: =IF(V132=0,0,U132/V132*100) -> 100 | X132: =C132&"_"&B132 -> gpt-5-chat_C6_BatchOnly
A133: full_benchmark_report2.json | B133: C6_BatchOnly | C133: gpt-5-chat | D133: 2 | E133: 13.25 | F133: 0.045188 | G133: 23014 | H133: 1642 | I133: =G133+H133 -> 24656 | J133: 1 | K133: 864 | L133: 38 | M133: 39 | N133: 39 | O133: 839 | P133: =IF(OR('Ground-Truth'!$C$2<>"Ja",'Ground-Truth'!$D$2=""),"",IF(TEXT(K133,"0")=TEXT('Ground-Truth'!$D$2,"0"),1,0)) -> 1 | Q133: =IF(OR('Ground-Truth'!$C$3<>"Ja",'Ground-Truth'!$D$3=""),"",IF(TEXT(L133,"0")=TEXT('Ground-Truth'!$D$3,"0"),1,0)) -> 1 | R133: =IF(OR('Ground-Truth'!$C$4<>"Ja",'Ground-Truth'!$D$4=""),"",IF(TEXT(M133,"0")=TEXT('Ground-Truth'!$D$4,"0"),1,0)) -> 1 | S133: =IF(OR('Ground-Truth'!$C$5<>"Ja",'Ground-Truth'!$D$5=""),"",IF(TEXT(N133,"0")=TEXT('Ground-Truth'!$D$5,"0"),1,0)) | T133: =IF(OR('Ground-Truth'!$C$6<>"Ja",'Ground-Truth'!$D$6=""),"",IF(TEXT(O133,"0")=TEXT('Ground-Truth'!$D$6,"0"),1,0)) | U133: =SUM(P133:T133) -> 3 | V133: =COUNT(P133:T133) -> 3 | W133: =IF(V133=0,0,U133/V133*100) -> 100 | X133: =C133&"_"&B133 -> gpt-5-chat_C6_BatchOnly
A134: full_benchmark_report2.json | B134: C6_BatchOnly | C134: gpt-5-chat | D134: 3 | E134: 13.41 | F134: 0.045488 | G134: 23014 | H134: 1672 | I134: =G134+H134 -> 24686 | J134: 1 | K134: 864 | L134: 38 | M134: 39 | N134: 39 | O134: 839 | P134: =IF(OR('Ground-Truth'!$C$2<>"Ja",'Ground-Truth'!$D$2=""),"",IF(TEXT(K134,"0")=TEXT('Ground-Truth'!$D$2,"0"),1,0)) -> 1 | Q134: =IF(OR('Ground-Truth'!$C$3<>"Ja",'Ground-Truth'!$D$3=""),"",IF(TEXT(L134,"0")=TEXT('Ground-Truth'!$D$3,"0"),1,0)) -> 1 | R134: =IF(OR('Ground-Truth'!$C$4<>"Ja",'Ground-Truth'!$D$4=""),"",IF(TEXT(M134,"0")=TEXT('Ground-Truth'!$D$4,"0"),1,0)) -> 1 | S134: =IF(OR('Ground-Truth'!$C$5<>"Ja",'Ground-Truth'!$D$5=""),"",IF(TEXT(N134,"0")=TEXT('Ground-Truth'!$D$5,"0"),1,0)) | T134: =IF(OR('Ground-Truth'!$C$6<>"Ja",'Ground-Truth'!$D$6=""),"",IF(TEXT(O134,"0")=TEXT('Ground-Truth'!$D$6,"0"),1,0)) | U134: =SUM(P134:T134) -> 3 | V134: =COUNT(P134:T134) -> 3 | W134: =IF(V134=0,0,U134/V134*100) -> 100 | X134: =C134&"_"&B134 -> gpt-5-chat_C6_BatchOnly
A135: full_benchmark_report2.json | B135: C6_BatchOnly | C135: gpt-5-chat | D135: 4 | E135: 13.16 | F135: 0.042798 | G135: 23014 | H135: 1403 | I135: =G135+H135 -> 24417 | J135: 1 | K135: 864 | L135: 38 | M135: 39 | N135: 39 | O135: 839 | P135: =IF(OR('Ground-Truth'!$C$2<>"Ja",'Ground-Truth'!$D$2=""),"",IF(TEXT(K135,"0")=TEXT('Ground-Truth'!$D$2,"0"),1,0)) -> 1 | Q135: =IF(OR('Ground-Truth'!$C$3<>"Ja",'Ground-Truth'!$D$3=""),"",IF(TEXT(L135,"0")=TEXT('Ground-Truth'!$D$3,"0"),1,0)) -> 1 | R135: =IF(OR('Ground-Truth'!$C$4<>"Ja",'Ground-Truth'!$D$4=""),"",IF(TEXT(M135,"0")=TEXT('Ground-Truth'!$D$4,"0"),1,0)) -> 1 | S135: =IF(OR('Ground-Truth'!$C$5<>"Ja",'Ground-Truth'!$D$5=""),"",IF(TEXT(N135,"0")=TEXT('Ground-Truth'!$D$5,"0"),1,0)) | T135: =IF(OR('Ground-Truth'!$C$6<>"Ja",'Ground-Truth'!$D$6=""),"",IF(TEXT(O135,"0")=TEXT('Ground-Truth'!$D$6,"0"),1,0)) | U135: =SUM(P135:T135) -> 3 | V135: =COUNT(P135:T135) -> 3 | W135: =IF(V135=0,0,U135/V135*100) -> 100 | X135: =C135&"_"&B135 -> gpt-5-chat_C6_BatchOnly
A136: full_benchmark_report2.json | B136: C6_BatchOnly | C136: gpt-5-chat | D136: 5 | E136: 15.23 | F136: 0.045577 | G136: 23014 | H136: 1681 | I136: =G136+H136 -> 24695 | J136: 1 | K136: 864 | L136: 38 | M136: 39 | N136: 39 | O136: 839 | P136: =IF(OR('Ground-Truth'!$C$2<>"Ja",'Ground-Truth'!$D$2=""),"",IF(TEXT(K136,"0")=TEXT('Ground-Truth'!$D$2,"0"),1,0)) -> 1 | Q136: =IF(OR('Ground-Truth'!$C$3<>"Ja",'Ground-Truth'!$D$3=""),"",IF(TEXT(L136,"0")=TEXT('Ground-Truth'!$D$3,"0"),1,0)) -> 1 | R136: =IF(OR('Ground-Truth'!$C$4<>"Ja",'Ground-Truth'!$D$4=""),"",IF(TEXT(M136,"0")=TEXT('Ground-Truth'!$D$4,"0"),1,0)) -> 1 | S136: =IF(OR('Ground-Truth'!$C$5<>"Ja",'Ground-Truth'!$D$5=""),"",IF(TEXT(N136,"0")=TEXT('Ground-Truth'!$D$5,"0"),1,0)) | T136: =IF(OR('Ground-Truth'!$C$6<>"Ja",'Ground-Truth'!$D$6=""),"",IF(TEXT(O136,"0")=TEXT('Ground-Truth'!$D$6,"0"),1,0)) | U136: =SUM(P136:T136) -> 3 | V136: =COUNT(P136:T136) -> 3 | W136: =IF(V136=0,0,U136/V136*100) -> 100 | X136: =C136&"_"&B136 -> gpt-5-chat_C6_BatchOnly
A137: full_benchmark_report2.json | B137: C7_FilterOnly | C137: gpt-5-chat | D137: 1 | E137: 18.66 | F137: 0.02519 | G137: 6576 | H137: 1697 | I137: =G137+H137 -> 8273 | J137: 5 | K137: 864 | L137: 38 | M137: 39 | N137: 39 | O137: 839 | P137: =IF(OR('Ground-Truth'!$C$2<>"Ja",'Ground-Truth'!$D$2=""),"",IF(TEXT(K137,"0")=TEXT('Ground-Truth'!$D$2,"0"),1,0)) -> 1 | Q137: =IF(OR('Ground-Truth'!$C$3<>"Ja",'Ground-Truth'!$D$3=""),"",IF(TEXT(L137,"0")=TEXT('Ground-Truth'!$D$3,"0"),1,0)) -> 1 | R137: =IF(OR('Ground-Truth'!$C$4<>"Ja",'Ground-Truth'!$D$4=""),"",IF(TEXT(M137,"0")=TEXT('Ground-Truth'!$D$4,"0"),1,0)) -> 1 | S137: =IF(OR('Ground-Truth'!$C$5<>"Ja",'Ground-Truth'!$D$5=""),"",IF(TEXT(N137,"0")=TEXT('Ground-Truth'!$D$5,"0"),1,0)) | T137: =IF(OR('Ground-Truth'!$C$6<>"Ja",'Ground-Truth'!$D$6=""),"",IF(TEXT(O137,"0")=TEXT('Ground-Truth'!$D$6,"0"),1,0)) | U137: =SUM(P137:T137) -> 3 | V137: =COUNT(P137:T137) -> 3 | W137: =IF(V137=0,0,U137/V137*100) -> 100 | X137: =C137&"_"&B137 -> gpt-5-chat_C7_FilterOnly
A138: full_benchmark_report2.json | B138: C7_FilterOnly | C138: gpt-5-chat | D138: 2 | E138: 18.67 | F138: 0.02561 | G138: 6576 | H138: 1739 | I138: =G138+H138 -> 8315 | J138: 5 | K138: 864 | L138: 38 | M138: 39 | N138: 39 | O138: 839 | P138: =IF(OR('Ground-Truth'!$C$2<>"Ja",'Ground-Truth'!$D$2=""),"",IF(TEXT(K138,"0")=TEXT('Ground-Truth'!$D$2,"0"),1,0)) -> 1 | Q138: =IF(OR('Ground-Truth'!$C$3<>"Ja",'Ground-Truth'!$D$3=""),"",IF(TEXT(L138,"0")=TEXT('Ground-Truth'!$D$3,"0"),1,0)) -> 1 | R138: =IF(OR('Ground-Truth'!$C$4<>"Ja",'Ground-Truth'!$D$4=""),"",IF(TEXT(M138,"0")=TEXT('Ground-Truth'!$D$4,"0"),1,0)) -> 1 | S138: =IF(OR('Ground-Truth'!$C$5<>"Ja",'Ground-Truth'!$D$5=""),"",IF(TEXT(N138,"0")=TEXT('Ground-Truth'!$D$5,"0"),1,0)) | T138: =IF(OR('Ground-Truth'!$C$6<>"Ja",'Ground-Truth'!$D$6=""),"",IF(TEXT(O138,"0")=TEXT('Ground-Truth'!$D$6,"0"),1,0)) | U138: =SUM(P138:T138) -> 3 | V138: =COUNT(P138:T138) -> 3 | W138: =IF(V138=0,0,U138/V138*100) -> 100 | X138: =C138&"_"&B138 -> gpt-5-chat_C7_FilterOnly
A139: full_benchmark_report2.json | B139: C7_FilterOnly | C139: gpt-5-chat | D139: 3 | E139: 20.85 | F139: 0.0262 | G139: 6576 | H139: 1798 | I139: =G139+H139 -> 8374 | J139: 5 | K139: 864 | L139: 38 | M139: 39 | N139: 39 | O139: 839 | P139: =IF(OR('Ground-Truth'!$C$2<>"Ja",'Ground-Truth'!$D$2=""),"",IF(TEXT(K139,"0")=TEXT('Ground-Truth'!$D$2,"0"),1,0)) -> 1 | Q139: =IF(OR('Ground-Truth'!$C$3<>"Ja",'Ground-Truth'!$D$3=""),"",IF(TEXT(L139,"0")=TEXT('Ground-Truth'!$D$3,"0"),1,0)) -> 1 | R139: =IF(OR('Ground-Truth'!$C$4<>"Ja",'Ground-Truth'!$D$4=""),"",IF(TEXT(M139,"0")=TEXT('Ground-Truth'!$D$4,"0"),1,0)) -> 1 | S139: =IF(OR('Ground-Truth'!$C$5<>"Ja",'Ground-Truth'!$D$5=""),"",IF(TEXT(N139,"0")=TEXT('Ground-Truth'!$D$5,"0"),1,0)) | T139: =IF(OR('Ground-Truth'!$C$6<>"Ja",'Ground-Truth'!$D$6=""),"",IF(TEXT(O139,"0")=TEXT('Ground-Truth'!$D$6,"0"),1,0)) | U139: =SUM(P139:T139) -> 3 | V139: =COUNT(P139:T139) -> 3 | W139: =IF(V139=0,0,U139/V139*100) -> 100 | X139: =C139&"_"&B139 -> gpt-5-chat_C7_FilterOnly
A140: full_benchmark_report2.json | B140: C7_FilterOnly | C140: gpt-5-chat | D140: 4 | E140: 19.93 | F140: 0.02699 | G140: 6576 | H140: 1877 | I140: =G140+H140 -> 8453 | J140: 5 | K140: 864 | L140: 38 | M140: 39 | N140: 39 | O140: 839 | P140: =IF(OR('Ground-Truth'!$C$2<>"Ja",'Ground-Truth'!$D$2=""),"",IF(TEXT(K140,"0")=TEXT('Ground-Truth'!$D$2,"0"),1,0)) -> 1 | Q140: =IF(OR('Ground-Truth'!$C$3<>"Ja",'Ground-Truth'!$D$3=""),"",IF(TEXT(L140,"0")=TEXT('Ground-Truth'!$D$3,"0"),1,0)) -> 1 | R140: =IF(OR('Ground-Truth'!$C$4<>"Ja",'Ground-Truth'!$D$4=""),"",IF(TEXT(M140,"0")=TEXT('Ground-Truth'!$D$4,"0"),1,0)) -> 1 | S140: =IF(OR('Ground-Truth'!$C$5<>"Ja",'Ground-Truth'!$D$5=""),"",IF(TEXT(N140,"0")=TEXT('Ground-Truth'!$D$5,"0"),1,0)) | T140: =IF(OR('Ground-Truth'!$C$6<>"Ja",'Ground-Truth'!$D$6=""),"",IF(TEXT(O140,"0")=TEXT('Ground-Truth'!$D$6,"0"),1,0)) | U140: =SUM(P140:T140) -> 3 | V140: =COUNT(P140:T140) -> 3 | W140: =IF(V140=0,0,U140/V140*100) -> 100 | X140: =C140&"_"&B140 -> gpt-5-chat_C7_FilterOnly
... A161: full_benchmark_report2.json | B161: C8_BatchFiltered_NoName | C161: gpt-5.2-chat | D161: 5 | E161: 15.36 | F161: 0.021619 | G161: 4418 | H161: 992 | I161: =G161+H161 -> 5410 | J161: 1 | K161: 864 | L161: 38 | M161: 39 | N161: 39 | O161: 839 | P161: =IF(OR('Ground-Truth'!$C$2<>"Ja",'Ground-Truth'!$D$2=""),"",IF(TEXT(K161,"0")=TEXT('Ground-Truth'!$D$2,"0"),1,0)) -> 1 | Q161: =IF(OR('Ground-Truth'!$C$3<>"Ja",'Ground-Truth'!$D$3=""),"",IF(TEXT(L161,"0")=TEXT('Ground-Truth'!$D$3,"0"),1,0)) -> 1 | R161: =IF(OR('Ground-Truth'!$C$4<>"Ja",'Ground-Truth'!$D$4=""),"",IF(TEXT(M161,"0")=TEXT('Ground-Truth'!$D$4,"0"),1,0)) -> 1 | S161: =IF(OR('Ground-Truth'!$C$5<>"Ja",'Ground-Truth'!$D$5=""),"",IF(TEXT(N161,"0")=TEXT('Ground-Truth'!$D$5,"0"),1,0)) | T161: =IF(OR('Ground-Truth'!$C$6<>"Ja",'Ground-Truth'!$D$6=""),"",IF(TEXT(O161,"0")=TEXT('Ground-Truth'!$D$6,"0"),1,0)) | U161: =SUM(P161:T161) -> 3 | V161: =COUNT(P161:T161) -> 3 | W161: =IF(V161=0,0,U161/V161*100) -> 100 | X161: =C161&"_"&B161 -> gpt-5.2-chat_C8_BatchFiltered_NoName

Sheet Ablation-Configs
A1: Config | B1: Mean Accuracy [%] | C1: Mean Cost [USD] | D1: Mean Duration [s] | E1: Mean Input Tokens | F1: Acc vs Baseline [%] | G1: Cost vs Baseline [%]
A2: C1_Hybrid | B2: =IFERROR(AVERAGEIF('★ Ablation-Study'!$B$2:$B$33,A2,'★ Ablation-Study'!$E$2:$E$33),"-") -> 65 | C2: =AVERAGEIF('★ Ablation-Study'!$B$2:$B$33,A2,'★ Ablation-Study'!$I$2:$I$33) -> 0.02695325 | D2: =AVERAGEIF('★ Ablation-Study'!$B$2:$B$33,A2,'★ Ablation-Study'!$K$2:$K$33) -> 47.8975 | E2: =AVERAGEIF('★ Ablation-Study'!$B$2:$B$33,A2,'★ Ablation-Study'!$L$2:$L$33) -> 26538.25 | F2: =IFERROR(B2-$B$5,"-") -> -35 | G2: =IFERROR((C2-$C$5)/$C$5*100,"-") -> -73.749489
A3: C2_Precision | B3: =IFERROR(AVERAGEIF('★ Ablation-Study'!$B$2:$B$33,A3,'★ Ablation-Study'!$E$2:$E$33),"-") -> 76.666667 | C3: =AVERAGEIF('★ Ablation-Study'!$B$2:$B$33,A3,'★ Ablation-Study'!$I$2:$I$33) -> 0.01981875 | D3: =AVERAGEIF('★ Ablation-Study'!$B$2:$B$33,A3,'★ Ablation-Study'!$K$2:$K$33) -> 68.832 | E3: =AVERAGEIF('★ Ablation-Study'!$B$2:$B$33,A3,'★ Ablation-Study'!$L$2:$L$33) -> 12969.7 | F3: =IFERROR(B3-$B$5,"-") -> -23.333333 | G3: =IFERROR((C3-$C$5)/$C$5*100,"-") -> -80.697975
A4: C3_Single | B4: =IFERROR(AVERAGEIF('★ Ablation-Study'!$B$2:$B$33,A4,'★ Ablation-Study'!$E$2:$E$33),"-") -> 70 | C4: =AVERAGEIF('★ Ablation-Study'!$B$2:$B$33,A4,'★ Ablation-Study'!$I$2:$I$33) -> 0.10201 | D4: =AVERAGEIF('★ Ablation-Study'!$B$2:$B$33,A4,'★ Ablation-Study'!$K$2:$K$33) -> 77.04 | E4: =AVERAGEIF('★ Ablation-Study'!$B$2:$B$33,A4,'★ Ablation-Study'!$L$2:$L$33) -> 117755.85 | F4: =IFERROR(B4-$B$5,"-") -> -30 | G4: =IFERROR((C4-$C$5)/$C$5*100,"-") -> -0.64965832
A5: C4_Baseline | B5: =IFERROR(AVERAGEIF('★ Ablation-Study'!$B$2:$B$33,A5,'★ Ablation-Study'!$E$2:$E$33),"-") -> 100 | C5: =AVERAGEIF('★ Ablation-Study'!$B$2:$B$33,A5,'★ Ablation-Study'!$I$2:$I$33) -> 0.10267705 | D5: =AVERAGEIF('★ Ablation-Study'!$B$2:$B$33,A5,'★ Ablation-Study'!$K$2:$K$33) -> 60.978 | E5: =AVERAGEIF('★ Ablation-Study'!$B$2:$B$33,A5,'★ Ablation-Study'!$L$2:$L$33) -> 117967.4 | F5: =IFERROR(B5-$B$5,"-") -> 0 | G5: =IFERROR((C5-$C$5)/$C$5*100,"-") -> 0
A6: C5_BatchFiltered | B6: =IFERROR(AVERAGEIF('★ Ablation-Study'!$B$2:$B$33,A6,'★ Ablation-Study'!$E$2:$E$33),"-") -> 63.333333 | C6: =AVERAGEIF('★ Ablation-Study'!$B$2:$B$33,A6,'★ Ablation-Study'!$I$2:$I$33) -> 0.01214765 | D6: =AVERAGEIF('★ Ablation-Study'!$B$2:$B$33,A6,'★ Ablation-Study'!$K$2:$K$33) -> 41.288 | E6: =AVERAGEIF('★ Ablation-Study'!$B$2:$B$33,A6,'★ Ablation-Study'!$L$2:$L$33) -> 8069.55 | F6: =IFERROR(B6-$B$5,"-") -> -36.666667 | G6: =IFERROR((C6-$C$5)/$C$5*100,"-") -> -88.16907
A7: C6_BatchOnly | B7: =IFERROR(AVERAGEIF('★ Ablation-Study'!$B$2:$B$33,A7,'★ Ablation-Study'!$E$2:$E$33),"-") -> 96.666667 | C7: =AVERAGEIF('★ Ablation-Study'!$B$2:$B$33,A7,'★ Ablation-Study'!$I$2:$I$33) -> 0.0266136 | D7: =AVERAGEIF('★ Ablation-Study'!$B$2:$B$33,A7,'★ Ablation-Study'!$K$2:$K$33) -> 25.944 | E7: =AVERAGEIF('★ Ablation-Study'!$B$2:$B$33,A7,'★ Ablation-Study'!$L$2:$L$33) -> 26036.05 | F7: =IFERROR(B7-$B$5,"-") -> -3.3333333 | G7: =IFERROR((C7-$C$5)/$C$5*100,"-") -> -74.080284
A8: C7_FilterOnly | B8: =IFERROR(AVERAGEIF('★ Ablation-Study'!$B$2:$B$33,A8,'★ Ablation-Study'!$E$2:$E$33),"-") -> 95 | C8: =AVERAGEIF('★ Ablation-Study'!$B$2:$B$33,A8,'★ Ablation-Study'!$I$2:$I$33) -> 0.02020125 | D8: =AVERAGEIF('★ Ablation-Study'!$B$2:$B$33,A8,'★ Ablation-Study'!$K$2:$K$33) -> 63.491 | E8: =AVERAGEIF('★ Ablation-Study'!$B$2:$B$33,A8,'★ Ablation-Study'!$L$2:$L$33) -> 13309.35 | F8: =IFERROR(B8-$B$5,"-") -> -5 | G8: =IFERROR((C8-$C$5)/$C$5*100,"-") -> -80.325448
A9: C8_BatchFiltered_NoName | B9: =IFERROR(AVERAGEIF('★ Ablation-Study'!$B$2:$B$33,A9,'★ Ablation-Study'!$E$2:$E$33),"-") -> 90 | C9: =AVERAGEIF('★ Ablation-Study'!$B$2:$B$33,A9,'★ Ablation-Study'!$I$2:$I$33) -> 0.0115161 | D9: =AVERAGEIF('★ Ablation-Study'!$B$2:$B$33,A9,'★ Ablation-Study'!$K$2:$K$33) -> 24.0405 | E9: =AVERAGEIF('★ Ablation-Study'!$B$2:$B$33,A9,'★ Ablation-Study'!$L$2:$L$33) -> 7245.45 | F9: =IFERROR(B9-$B$5,"-") -> -10 | G9: =IFERROR((C9-$C$5)/$C$5*100,"-") -> -88.784154

Sheet Ablation-Models
A1: Model | B1: Mean Accuracy [%] | C1: Mean Cost [USD] | D1: Mean Duration [s] | E1: Mean Input Tokens | F1: Mean Output Tokens | G1: Efficiency Score
A2: gpt-4o-mini | B2: =IFERROR(AVERAGEIF('★ Ablation-Study'!$A$2:$A$33,A2,'★ Ablation-Study'!$E$2:$E$33),"-") -> 85 | C2: =AVERAGEIF('★ Ablation-Study'!$A$2:$A$33,A2,'★ Ablation-Study'!$I$2:$I$33) -> 0.005920225 | D2: =AVERAGEIF('★ Ablation-Study'!$A$2:$A$33,A2,'★ Ablation-Study'!$K$2:$K$33) -> 15.20725 | E2: =AVERAGEIF('★ Ablation-Study'!$A$2:$A$33,A2,'★ Ablation-Study'!$L$2:$L$33) -> 37253.875 | F2: =AVERAGEIF('★ Ablation-Study'!$A$2:$A$33,A2,'★ Ablation-Study'!$M$2:$M$33) -> 36515.75 | G2: =IFERROR(B2/(C2*1000),"-") -> 14.357562
A3: gpt-5-nano | B3: =IFERROR(AVERAGEIF('★ Ablation-Study'!$A$2:$A$33,A3,'★ Ablation-Study'!$E$2:$E$33),"-") -> 75 | C3: =AVERAGEIF('★ Ablation-Study'!$A$2:$A$33,A3,'★ Ablation-Study'!$I$2:$I$33) -> 0.007824025 | D3: =AVERAGEIF('★ Ablation-Study'!$A$2:$A$33,A3,'★ Ablation-Study'!$K$2:$K$33) -> 143.2785 | E3: =AVERAGEIF('★ Ablation-Study'!$A$2:$A$33,A3,'★ Ablation-Study'!$L$2:$L$33) -> 51508.8 | F3: =AVERAGEIF('★ Ablation-Study'!$A$2:$A$33,A3,'★ Ablation-Study'!$M$2:$M$33) -> 36512.75 | G3: =IFERROR(B3/(C3*1000),"-") -> 9.5858589
A4: gpt-5-chat | B4: =IFERROR(AVERAGEIF('★ Ablation-Study'!$A$2:$A$33,A4,'★ Ablation-Study'!$E$2:$E$33),"-") -> 84.166667 | C4: =AVERAGEIF('★ Ablation-Study'!$A$2:$A$33,A4,'★ Ablation-Study'!$I$2:$I$33) -> 0.061851225 | D4: =AVERAGEIF('★ Ablation-Study'!$A$2:$A$33,A4,'★ Ablation-Study'!$K$2:$K$33) -> 16.222 | E4: =AVERAGEIF('★ Ablation-Study'!$A$2:$A$33,A4,'★ Ablation-Study'!$L$2:$L$33) -> 38136.375 | F4: =AVERAGEIF('★ Ablation-Study'!$A$2:$A$33,A4,'★ Ablation-Study'!$M$2:$M$33) -> 36515.75 | G4: =IFERROR(B4/(C4*1000),"-") -> 1.3607922
A5: gpt-5.2-chat | B5: =IFERROR(AVERAGEIF('★ Ablation-Study'!$A$2:$A$33,A5,'★ Ablation-Study'!$E$2:$E$33),"-") -> 84.166667 | C5: =AVERAGEIF('★ Ablation-Study'!$A$2:$A$33,A5,'★ Ablation-Study'!$I$2:$I$33) -> 0.08537335 | D5: =AVERAGEIF('★ Ablation-Study'!$A$2:$A$33,A5,'★ Ablation-Study'!$K$2:$K$33) -> 30.04775 | E5: =AVERAGEIF('★ Ablation-Study'!$A$2:$A$33,A5,'★ Ablation-Study'!$L$2:$L$33) -> 38046.75 | F5: =AVERAGEIF('★ Ablation-Study'!$A$2:$A$33,A5,'★ Ablation-Study'!$M$2:$M$33) -> 36512.75 | G5: =IFERROR(B5/(C5*1000),"-") -> 0.98586581

Sheet Accuracy-pro-Schicht
A1: Position | B1: Schicht | C1: Status | D1: Korrekte EPD-ID | E1: Model | F1: Config | G1: Accuracy [%] | H1: Correct Runs | I1: Total Runs
A2: 1 | B2: ='Ground-Truth'!B2 -> Deckschicht | C2: =IF('Ground-Truth'!C2="Ja","✓ Ausgewertet","⊘ Ausgeschlossen") -> ✓ Ausgewertet | D2: ='Ground-Truth'!D2 -> 864 | E2: gpt-4o-mini | F2: C1_Hybrid | G2: =IF('Ground-Truth'!C2<>"Ja","-",IFERROR(H2/I2*100,"-")) -> 20 | H2: =IF('Ground-Truth'!C2<>"Ja","-",SUMIFS('Benchmark-Runs'!$P$2:$P$161,'Benchmark-Runs'!$C$2:$C$161,E2,'Benchmark-Runs'!$B$2:$B$161,F2)) -> 1 | I2: =IF('Ground-Truth'!C2<>"Ja","-",COUNTIFS('Benchmark-Runs'!$C$2:$C$161,E2,'Benchmark-Runs'!$B$2:$B$161,F2)) -> 5
A3: 1 | B3: ='Ground-Truth'!B2 -> Deckschicht | C3: =IF('Ground-Truth'!C2="Ja","✓ Ausgewertet","⊘ Ausgeschlossen") -> ✓ Ausgewertet | D3: ='Ground-Truth'!D2 -> 864 | E3: gpt-4o-mini | F3: C2_Precision | G3: =IF('Ground-Truth'!C2<>"Ja","-",IFERROR(H3/I3*100,"-")) -> 20 | H3: =IF('Ground-Truth'!C2<>"Ja","-",SUMIFS('Benchmark-Runs'!$P$2:$P$161,'Benchmark-Runs'!$C$2:$C$161,E3,'Benchmark-Runs'!$B$2:$B$161,F3)) -> 1 | I3: =IF('Ground-Truth'!C2<>"Ja","-",COUNTIFS('Benchmark-Runs'!$C$2:$C$161,E3,'Benchmark-Runs'!$B$2:$B$161,F3)) -> 5
A4: 1 | B4: ='Ground-Truth'!B2 -> Deckschicht | C4: =IF('Ground-Truth'!C2="Ja","✓ Ausgewertet","⊘ Ausgeschlossen") -> ✓ Ausgewertet | D4: ='Ground-Truth'!D2 -> 864 | E4: gpt-4o-mini | F4: C3_Single | G4: =IF('Ground-Truth'!C2<>"Ja","-",IFERROR(H4/I4*100,"-")) -> 60 | H4: =IF('Ground-Truth'!C2<>"Ja","-",SUMIFS('Benchmark-Runs'!$P$2:$P$161,'Benchmark-Runs'!$C$2:$C$161,E4,'Benchmark-Runs'!$B$2:$B$161,F4)) -> 3 | I4: =IF('Ground-Truth'!C2<>"Ja","-",COUNTIFS('Benchmark-Runs'!$C$2:$C$161,E4,'Benchmark-Runs'!$B$2:$B$161,F4)) -> 5
A5: 1 | B5: ='Ground-Truth'!B2 -> Deckschicht | C5: =IF('Ground-Truth'!C2="Ja","✓ Ausgewertet","⊘ Ausgeschlossen") -> ✓ Ausgewertet | D5: ='Ground-Truth'!D2 -> 864 | E5: gpt-4o-mini | F5: C4_Baseline | G5: =IF('Ground-Truth'!C2<>"Ja","-",IFERROR(H5/I5*100,"-")) -> 100 | H5: =IF('Ground-Truth'!C2<>"Ja","-",SUMIFS('Benchmark-Runs'!$P$2:$P$161,'Benchmark-Runs'!$C$2:$C$161,E5,'Benchmark-Runs'!$B$2:$B$161,F5)) -> 5 | I5: =IF('Ground-Truth'!C2<>"Ja","-",COUNTIFS('Benchmark-Runs'!$C$2:$C$161,E5,'Benchmark-Runs'!$B$2:$B$161,F5)) -> 5
A6: 1 | B6: ='Ground-Truth'!B2 -> Deckschicht | C6: =IF('Ground-Truth'!C2="Ja","✓ Ausgewertet","⊘ Ausgeschlossen") -> ✓ Ausgewertet | D6: ='Ground-Truth'!D2 -> 864 | E6: gpt-4o-mini | F6: C5_BatchFiltered | G6: =IF('Ground-Truth'!C2<>"Ja","-",IFERROR(H6/I6*100,"-")) -> 0 | H6: =IF('Ground-Truth'!C2<>"Ja","-",SUMIFS('Benchmark-Runs'!$P$2:$P$161,'Benchmark-Runs'!$C$2:$C$161,E6,'Benchmark-Runs'!$B$2:$B$161,F6)) -> 0 | I6: =IF('Ground-Truth'!C2<>"Ja","-",COUNTIFS('Benchmark-Runs'!$C$2:$C$161,E6,'Benchmark-Runs'!$B$2:$B$161,F6)) -> 5
A7: 1 | B7: ='Ground-Truth'!B2 -> Deckschicht | C7: =IF('Ground-Truth'!C2="Ja","✓ Ausgewertet","⊘ Ausgeschlossen") -> ✓ Ausgewertet | D7: ='Ground-Truth'!D2 -> 864 | E7: gpt-4o-mini | F7: C6_BatchOnly | G7: =IF('Ground-Truth'!C2<>"Ja","-",IFERROR(H7/I7*100,"-")) -> 100 | H7: =IF('Ground-Truth'!C2<>"Ja","-",SUMIFS('Benchmark-Runs'!$P$2:$P$161,'Benchmark-Runs'!$C$2:$C$161,E7,'Benchmark-Runs'!$B$2:$B$161,F7)) -> 5 | I7: =IF('Ground-Truth'!C2<>"Ja","-",COUNTIFS('Benchmark-Runs'!$C$2:$C$161,E7,'Benchmark-Runs'!$B$2:$B$161,F7)) -> 5
A8: 1 | B8: ='Ground-Truth'!B2 -> Deckschicht | C8: =IF('Ground-Truth'!C2="Ja","✓ Ausgewertet","⊘ Ausgeschlossen") -> ✓ Ausgewertet | D8: ='Ground-Truth'!D2 -> 864 | E8: gpt-4o-mini | F8: C7_FilterOnly | G8: =IF('Ground-Truth'!C2<>"Ja","-",IFERROR(H8/I8*100,"-")) -> 100 | H8: =IF('Ground-Truth'!C2<>"Ja","-",SUMIFS('Benchmark-Runs'!$P$2:$P$161,'Benchmark-Runs'!$C$2:$C$161,E8,'Benchmark-Runs'!$B$2:$B$161,F8)) -> 5 | I8: =IF('Ground-Truth'!C2<>"Ja","-",COUNTIFS('Benchmark-Runs'!$C$2:$C$161,E8,'Benchmark-Runs'!$B$2:$B$161,F8)) -> 5
A9: 1 | B9: ='Ground-Truth'!B2 -> Deckschicht | C9: =IF('Ground-Truth'!C2="Ja","✓ Ausgewertet","⊘ Ausgeschlossen") -> ✓ Ausgewertet | D9: ='Ground-Truth'!D2 -> 864 | E9: gpt-4o-mini | F9: C8_BatchFiltered_NoName | G9: =IF('Ground-Truth'!C2<>"Ja","-",IFERROR(H9/I9*100,"-")) -> 40 | H9: =IF('Ground-Truth'!C2<>"Ja","-",SUMIFS('Benchmark-Runs'!$P$2:$P$161,'Benchmark-Runs'!$C$2:$C$161,E9,'Benchmark-Runs'!$B$2:$B$161,F9)) -> 2 | I9: =IF('Ground-Truth'!C2<>"Ja","-",COUNTIFS('Benchmark-Runs'!$C$2:$C$161,E9,'Benchmark-Runs'!$B$2:$B$161,F9)) -> 5
A10: 1 | B10: ='Ground-Truth'!B2 -> Deckschicht | C10: =IF('Ground-Truth'!C2="Ja","✓ Ausgewertet","⊘ Ausgeschlossen") -> ✓ Ausgewertet | D10: ='Ground-Truth'!D2 -> 864 | E10: gpt-5-nano | F10: C1_Hybrid | G10: =IF('Ground-Truth'!C2<>"Ja","-",IFERROR(H10/I10*100,"-")) -> 0 | H10: =IF('Ground-Truth'!C2<>"Ja","-",SUMIFS('Benchmark-Runs'!$P$2:$P$161,'Benchmark-Runs'!$C$2:$C$161,E10,'Benchmark-Runs'!$B$2:$B$161,F10)) -> 0 | I10: =IF('Ground-Truth'!C2<>"Ja","-",COUNTIFS('Benchmark-Runs'!$C$2:$C$161,E10,'Benchmark-Runs'!$B$2:$B$161,F10)) -> 5
A11: 1 | B11: ='Ground-Truth'!B2 -> Deckschicht | C11: =IF('Ground-Truth'!C2="Ja","✓ Ausgewertet","⊘ Ausgeschlossen") -> ✓ Ausgewertet | D11: ='Ground-Truth'!D2 -> 864 | E11: gpt-5-nano | F11: C2_Precision | G11: =IF('Ground-Truth'!C2<>"Ja","-",IFERROR(H11/I11*100,"-")) -> 0 | H11: =IF('Ground-Truth'!C2<>"Ja","-",SUMIFS('Benchmark-Runs'!$P$2:$P$161,'Benchmark-Runs'!$C$2:$C$161,E11,'Benchmark-Runs'!$B$2:$B$161,F11)) -> 0 | I11: =IF('Ground-Truth'!C2<>"Ja","-",COUNTIFS('Benchmark-Runs'!$C$2:$C$161,E11,'Benchmark-Runs'!$B$2:$B$161,F11)) -> 5
A12: 1 | B12: ='Ground-Truth'!B2 -> Deckschicht | C12: =IF('Ground-Truth'!C2="Ja","✓ Ausgewertet","⊘ Ausgeschlossen") -> ✓ Ausgewertet | D12: ='Ground-Truth'!D2 -> 864 | E12: gpt-5-nano | F12: C3_Single | G12: =IF('Ground-Truth'!C2<>"Ja","-",IFERROR(H12/I12*100,"-")) -> 0 | H12: =IF('Ground-Truth'!C2<>"Ja","-",SUMIFS('Benchmark-Runs'!$P$2:$P$161,'Benchmark-Runs'!$C$2:$C$161,E12,'Benchmark-Runs'!$B$2:$B$161,F12)) -> 0 | I12: =IF('Ground-Truth'!C2<>"Ja","-",COUNTIFS('Benchmark-Runs'!$C$2:$C$161,E12,'Benchmark-Runs'!$B$2:$B$161,F12)) -> 5
A13: 1 | B13: ='Ground-Truth'!B2 -> Deckschicht | C13: =IF('Ground-Truth'!C2="Ja","✓ Ausgewertet","⊘ Ausgeschlossen") -> ✓ Ausgewertet | D13: ='Ground-Truth'!D2 -> 864 | E13: gpt-5-nano | F13: C4_Baseline | G13: =IF('Ground-Truth'!C2<>"Ja","-",IFERROR(H13/I13*100,"-")) -> 100 | H13: =IF('Ground-Truth'!C2<>"Ja","-",SUMIFS('Benchmark-Runs'!$P$2:$P$161,'Benchmark-Runs'!$C$2:$C$161,E13,'Benchmark-Runs'!$B$2:$B$161,F13)) -> 5 | I13: =IF('Ground-Truth'!C2<>"Ja","-",COUNTIFS('Benchmark-Runs'!$C$2:$C$161,E13,'Benchmark-Runs'!$B$2:$B$161,F13)) -> 5
A14: 1 | B14: ='Ground-Truth'!B2 -> Deckschicht | C14: =IF('Ground-Truth'!C2="Ja","✓ Ausgewertet","⊘ Ausgeschlossen") -> ✓ Ausgewertet | D14: ='Ground-Truth'!D2 -> 864 | E14: gpt-5-nano | F14: C5_BatchFiltered | G14: =IF('Ground-Truth'!C2<>"Ja","-",IFERROR(H14/I14*100,"-")) -> 20 | H14: =IF('Ground-Truth'!C2<>"Ja","-",SUMIFS('Benchmark-Runs'!$P$2:$P$161,'Benchmark-Runs'!$C$2:$C$161,E14,'Benchmark-Runs'!$B$2:$B$161,F14)) -> 1 | I14: =IF('Ground-Truth'!C2<>"Ja","-",COUNTIFS('Benchmark-Runs'!$C$2:$C$161,E14,'Benchmark-Runs'!$B$2:$B$161,F14)) -> 5
A15: 1 | B15: ='Ground-Truth'!B2 -> Deckschicht | C15: =IF('Ground-Truth'!C2="Ja","✓ Ausgewertet","⊘ Ausgeschlossen") -> ✓ Ausgewertet | D15: ='Ground-Truth'!D2 -> 864 | E15: gpt-5-nano | F15: C6_BatchOnly | G15: =IF('Ground-Truth'!C2<>"Ja","-",IFERROR(H15/I15*100,"-")) -> 80 | H15: =IF('Ground-Truth'!C2<>"Ja","-",SUMIFS('Benchmark-Runs'!$P$2:$P$161,'Benchmark-Runs'!$C$2:$C$161,E15,'Benchmark-Runs'!$B$2:$B$161,F15)) -> 4 | I15: =IF('Ground-Truth'!C2<>"Ja","-",COUNTIFS('Benchmark-Runs'!$C$2:$C$161,E15,'Benchmark-Runs'!$B$2:$B$161,F15)) -> 5
A16: 1 | B16: ='Ground-Truth'!B2 -> Deckschicht | C16: =IF('Ground-Truth'!C2="Ja","✓ Ausgewertet","⊘ Ausgeschlossen") -> ✓ Ausgewertet | D16: ='Ground-Truth'!D2 -> 864 | E16: gpt-5-nano | F16: C7_FilterOnly | G16: =IF('Ground-Truth'!C2<>"Ja","-",IFERROR(H16/I16*100,"-")) -> 60 | H16: =IF('Ground-Truth'!C2<>"Ja","-",SUMIFS('Benchmark-Runs'!$P$2:$P$161,'Benchmark-Runs'!$C$2:$C$161,E16,'Benchmark-Runs'!$B$2:$B$161,F16)) -> 3 | I16: =IF('Ground-Truth'!C2<>"Ja","-",COUNTIFS('Benchmark-Runs'!$C$2:$C$161,E16,'Benchmark-Runs'!$B$2:$B$161,F16)) -> 5
A17: 1 | B17: ='Ground-Truth'!B2 -> Deckschicht | C17: =IF('Ground-Truth'!C2="Ja","✓ Ausgewertet","⊘ Ausgeschlossen") -> ✓ Ausgewertet | D17: ='Ground-Truth'!D2 -> 864 | E17: gpt-5-nano | F17: C8_BatchFiltered_NoName | G17: =IF('Ground-Truth'!C2<>"Ja","-",IFERROR(H17/I17*100,"-")) -> 60 | H17: =IF('Ground-Truth'!C2<>"Ja","-",SUMIFS('Benchmark-Runs'!$P$2:$P$161,'Benchmark-Runs'!$C$2:$C$161,E17,'Benchmark-Runs'!$B$2:$B$161,F17)) -> 3 | I17: =IF('Ground-Truth'!C2<>"Ja","-",COUNTIFS('Benchmark-Runs'!$C$2:$C$161,E17,'Benchmark-Runs'!$B$2:$B$161,F17)) -> 5
A18: 1 | B18: ='Ground-Truth'!B2 -> Deckschicht | C18: =IF('Ground-Truth'!C2="Ja","✓ Ausgewertet","⊘ Ausgeschlossen") -> ✓ Ausgewertet | D18: ='Ground-Truth'!D2 -> 864 | E18: gpt-5-chat | F18: C1_Hybrid | G18: =IF('Ground-Truth'!C2<>"Ja","-",IFERROR(H18/I18*100,"-")) -> 0 | H18: =IF('Ground-Truth'!C2<>"Ja","-",SUMIFS('Benchmark-Runs'!$P$2:$P$161,'Benchmark-Runs'!$C$2:$C$161,E18,'Benchmark-Runs'!$B$2:$B$161,F18)) -> 0 | I18: =IF('Ground-Truth'!C2<>"Ja","-",COUNTIFS('Benchmark-Runs'!$C$2:$C$161,E18,'Benchmark-Runs'!$B$2:$B$161,F18)) -> 5
A19: 1 | B19: ='Ground-Truth'!B2 -> Deckschicht | C19: =IF('Ground-Truth'!C2="Ja","✓ Ausgewertet","⊘ Ausgeschlossen") -> ✓ Ausgewertet | D19: ='Ground-Truth'!D2 -> 864 | E19: gpt-5-chat | F19: C2_Precision | G19: =IF('Ground-Truth'!C2<>"Ja","-",IFERROR(H19/I19*100,"-")) -> 20 | H19: =IF('Ground-Truth'!C2<>"Ja","-",SUMIFS('Benchmark-Runs'!$P$2:$P$161,'Benchmark-Runs'!$C$2:$C$161,E19,'Benchmark-Runs'!$B$2:$B$161,F19)) -> 1 | I19: =IF('Ground-Truth'!C2<>"Ja","-",COUNTIFS('Benchmark-Runs'!$C$2:$C$161,E19,'Benchmark-Runs'!$B$2:$B$161,F19)) -> 5
A20: 1 | B20: ='Ground-Truth'!B2 -> Deckschicht | C20: =IF('Ground-Truth'!C2="Ja","✓ Ausgewertet","⊘ Ausgeschlossen") -> ✓ Ausgewertet | D20: ='Ground-Truth'!D2 -> 864 | E20: gpt-5-chat | F20: C3_Single | G20: =IF('Ground-Truth'!C2<>"Ja","-",IFERROR(H20/I20*100,"-")) -> 0 | H20: =IF('Ground-Truth'!C2<>"Ja","-",SUMIFS('Benchmark-Runs'!$P$2:$P$161,'Benchmark-Runs'!$C$2:$C$161,E20,'Benchmark-Runs'!$B$2:$B$161,F20)) -> 0 | I20: =IF('Ground-Truth'!C2<>"Ja","-",COUNTIFS('Benchmark-Runs'!$C$2:$C$161,E20,'Benchmark-Runs'!$B$2:$B$161,F20)) -> 5
A21: 1 | B21: ='Ground-Truth'!B2 -> Deckschicht | C21: =IF('Ground-Truth'!C2="Ja","✓ Ausgewertet","⊘ Ausgeschlossen") -> ✓ Ausgewertet | D21: ='Ground-Truth'!D2 -> 864 | E21: gpt-5-chat | F21: C4_Baseline | G21: =IF('Ground-Truth'!C2<>"Ja","-",IFERROR(H21/I21*100,"-")) -> 100 | H21: =IF('Ground-Truth'!C2<>"Ja","-",SUMIFS('Benchmark-Runs'!$P$2:$P$161,'Benchmark-Runs'!$C$2:$C$161,E21,'Benchmark-Runs'!$B$2:$B$161,F21)) -> 5 | I21: =IF('Ground-Truth'!C2<>"Ja","-",COUNTIFS('Benchmark-Runs'!$C$2:$C$161,E21,'Benchmark-Runs'!$B$2:$B$161,F21)) -> 5
A22: 1 | B22: ='Ground-Truth'!B2 -> Deckschicht | C22: =IF('Ground-Truth'!C2="Ja","✓ Ausgewertet","⊘ Ausgeschlossen") -> ✓ Ausgewertet | D22: ='Ground-Truth'!D2 -> 864 | E22: gpt-5-chat | F22: C5_BatchFiltered | G22: =IF('Ground-Truth'!C2<>"Ja","-",IFERROR(H22/I22*100,"-")) -> 0 | H22: =IF('Ground-Truth'!C2<>"Ja","-",SUMIFS('Benchmark-Runs'!$P$2:$P$161,'Benchmark-Runs'!$C$2:$C$161,E22,'Benchmark-Runs'!$B$2:$B$161,F22)) -> 0 | I22: =IF('Ground-Truth'!C2<>"Ja","-",COUNTIFS('Benchmark-Runs'!$C$2:$C$161,E22,'Benchmark-Runs'!$B$2:$B$161,F22)) -> 5
A23: 1 | B23: ='Ground-Truth'!B2 -> Deckschicht | C23: =IF('Ground-Truth'!C2="Ja","✓ Ausgewertet","⊘ Ausgeschlossen") -> ✓ Ausgewertet | D23: ='Ground-Truth'!D2 -> 864 | E23: gpt-5-chat | F23: C6_BatchOnly | G23: =IF('Ground-Truth'!C2<>"Ja","-",IFERROR(H23/I23*100,"-")) -> 100 | H23: =IF('Ground-Truth'!C2<>"Ja","-",SUMIFS('Benchmark-Runs'!$P$2:$P$161,'Benchmark-Runs'!$C$2:$C$161,E23,'Benchmark-Runs'!$B$2:$B$161,F23)) -> 5 | I23: =IF('Ground-Truth'!C2<>"Ja","-",COUNTIFS('Benchmark-Runs'!$C$2:$C$161,E23,'Benchmark-Runs'!$B$2:$B$161,F23)) -> 5
A24: 1 | B24: ='Ground-Truth'!B2 -> Deckschicht | C24: =IF('Ground-Truth'!C2="Ja","✓ Ausgewertet","⊘ Ausgeschlossen") -> ✓ Ausgewertet | D24: ='Ground-Truth'!D2 -> 864 | E24: gpt-5-chat | F24: C7_FilterOnly | G24: =IF('Ground-Truth'!C2<>"Ja","-",IFERROR(H24/I24*100,"-")) -> 100 | H24: =IF('Ground-Truth'!C2<>"Ja","-",SUMIFS('Benchmark-Runs'!$P$2:$P$161,'Benchmark-Runs'!$C$2:$C$161,E24,'Benchmark-Runs'!$B$2:$B$161,F24)) -> 5 | I24: =IF('Ground-Truth'!C2<>"Ja","-",COUNTIFS('Benchmark-Runs'!$C$2:$C$161,E24,'Benchmark-Runs'!$B$2:$B$161,F24)) -> 5
A25: 1 | B25: ='Ground-Truth'!B2 -> Deckschicht | C25: =IF('Ground-Truth'!C2="Ja","✓ Ausgewertet","⊘ Ausgeschlossen") -> ✓ Ausgewertet | D25: ='Ground-Truth'!D2 -> 864 | E25: gpt-5-chat | F25: C8_BatchFiltered_NoName | G25: =IF('Ground-Truth'!C2<>"Ja","-",IFERROR(H25/I25*100,"-")) -> 100 | H25: =IF('Ground-Truth'!C2<>"Ja","-",SUMIFS('Benchmark-Runs'!$P$2:$P$161,'Benchmark-Runs'!$C$2:$C$161,E25,'Benchmark-Runs'!$B$2:$B$161,F25)) -> 5 | I25: =IF('Ground-Truth'!C2<>"Ja","-",COUNTIFS('Benchmark-Runs'!$C$2:$C$161,E25,'Benchmark-Runs'!$B$2:$B$161,F25)) -> 5
A26: 1 | B26: ='Ground-Truth'!B2 -> Deckschicht | C26: =IF('Ground-Truth'!C2="Ja","✓ Ausgewertet","⊘ Ausgeschlossen") -> ✓ Ausgewertet | D26: ='Ground-Truth'!D2 -> 864 | E26: gpt-5.2-chat | F26: C1_Hybrid | G26: =IF('Ground-Truth'!C2<>"Ja","-",IFERROR(H26/I26*100,"-")) -> 0 | H26: =IF('Ground-Truth'!C2<>"Ja","-",SUMIFS('Benchmark-Runs'!$P$2:$P$161,'Benchmark-Runs'!$C$2:$C$161,E26,'Benchmark-Runs'!$B$2:$B$161,F26)) -> 0 | I26: =IF('Ground-Truth'!C2<>"Ja","-",COUNTIFS('Benchmark-Runs'!$C$2:$C$161,E26,'Benchmark-Runs'!$B$2:$B$161,F26)) -> 5
A27: 1 | B27: ='Ground-Truth'!B2 -> Deckschicht | C27: =IF('Ground-Truth'!C2="Ja","✓ Ausgewertet","⊘ Ausgeschlossen") -> ✓ Ausgewertet | D27: ='Ground-Truth'!D2 -> 864 | E27: gpt-5.2-chat | F27: C2_Precision | G27: =IF('Ground-Truth'!C2<>"Ja","-",IFERROR(H27/I27*100,"-")) -> 80 | H27: =IF('Ground-Truth'!C2<>"Ja","-",SUMIFS('Benchmark-Runs'!$P$2:$P$161,'Benchmark-Runs'!$C$2:$C$161,E27,'Benchmark-Runs'!$B$2:$B$161,F27)) -> 4 | I27: =IF('Ground-Truth'!C2<>"Ja","-",COUNTIFS('Benchmark-Runs'!$C$2:$C$161,E27,'Benchmark-Runs'!$B$2:$B$161,F27)) -> 5
A28: 1 | B28: ='Ground-Truth'!B2 -> Deckschicht | C28: =IF('Ground-Truth'!C2="Ja","✓ Ausgewertet","⊘ Ausgeschlossen") -> ✓ Ausgewertet | D28: ='Ground-Truth'!D2 -> 864 | E28: gpt-5.2-chat | F28: C3_Single | G28: =IF('Ground-Truth'!C2<>"Ja","-",IFERROR(H28/I28*100,"-")) -> 0 | H28: =IF('Ground-Truth'!C2<>"Ja","-",SUMIFS('Benchmark-Runs'!$P$2:$P$161,'Benchmark-Runs'!$C$2:$C$161,E28,'Benchmark-Runs'!$B$2:$B$161,F28)) -> 0 | I28: =IF('Ground-Truth'!C2<>"Ja","-",COUNTIFS('Benchmark-Runs'!$C$2:$C$161,E28,'Benchmark-Runs'!$B$2:$B$161,F28)) -> 5
A29: 1 | B29: ='Ground-Truth'!B2 -> Deckschicht | C29: =IF('Ground-Truth'!C2="Ja","✓ Ausgewertet","⊘ Ausgeschlossen") -> ✓ Ausgewertet | D29: ='Ground-Truth'!D2 -> 864 | E29: gpt-5.2-chat | F29: C4_Baseline | G29: =IF('Ground-Truth'!C2<>"Ja","-",IFERROR(H29/I29*100,"-")) -> 100 | H29: =IF('Ground-Truth'!C2<>"Ja","-",SUMIFS('Benchmark-Runs'!$P$2:$P$161,'Benchmark-Runs'!$C$2:$C$161,E29,'Benchmark-Runs'!$B$2:$B$161,F29)) -> 5 | I29: =IF('Ground-Truth'!C2<>"Ja","-",COUNTIFS('Benchmark-Runs'!$C$2:$C$161,E29,'Benchmark-Runs'!$B$2:$B$161,F29)) -> 5
A30: 1 | B30: ='Ground-Truth'!B2 -> Deckschicht | C30: =IF('Ground-Truth'!C2="Ja","✓ Ausgewertet","⊘ Ausgeschlossen") -> ✓ Ausgewertet | D30: ='Ground-Truth'!D2 -> 864 | E30: gpt-5.2-chat | F30: C5_BatchFiltered | G30: =IF('Ground-Truth'!C2<>"Ja","-",IFERROR(H30/I30*100,"-")) -> 0 | H30: =IF('Ground-Truth'!C2<>"Ja","-",SUMIFS('Benchmark-Runs'!$P$2:$P$161,'Benchmark-Runs'!$C$2:$C$161,E30,'Benchmark-Runs'!$B$2:$B$161,F30)) -> 0 | I30: =IF('Ground-Truth'!C2<>"Ja","-",COUNTIFS('Benchmark-Runs'!$C$2:$C$161,E30,'Benchmark-Runs'!$B$2:$B$161,F30)) -> 5
A31: 1 | B31: ='Ground-Truth'!B2 -> Deckschicht | C31: =IF('Ground-Truth'!C2="Ja","✓ Ausgewertet","⊘ Ausgeschlossen") -> ✓ Ausgewertet | D31: ='Ground-Truth'!D2 -> 864 | E31: gpt-5.2-chat | F31: C6_BatchOnly | G31: =IF('Ground-Truth'!C2<>"Ja","-",IFERROR(H31/I31*100,"-")) -> 100 | H31: =IF('Ground-Truth'!C2<>"Ja","-",SUMIFS('Benchmark-Runs'!$P$2:$P$161,'Benchmark-Runs'!$C$2:$C$161,E31,'Benchmark-Runs'!$B$2:$B$161,F31)) -> 5 | I31: =IF('Ground-Truth'!C2<>"Ja","-",COUNTIFS('Benchmark-Runs'!$C$2:$C$161,E31,'Benchmark-Runs'!$B$2:$B$161,F31)) -> 5
A32: 1 | B32: ='Ground-Truth'!B2 -> Deckschicht | C32: =IF('Ground-Truth'!C2="Ja","✓ Ausgewertet","⊘ Ausgeschlossen") -> ✓ Ausgewertet | D32: ='Ground-Truth'!D2 -> 864 | E32: gpt-5.2-chat | F32: C7_FilterOnly | G32: =IF('Ground-Truth'!C2<>"Ja","-",IFERROR(H32/I32*100,"-")) -> 100 | H32: =IF('Ground-Truth'!C2<>"Ja","-",SUMIFS('Benchmark-Runs'!$P$2:$P$161,'Benchmark-Runs'!$C$2:$C$161,E32,'Benchmark-Runs'!$B$2:$B$161,F32)) -> 5 | I32: =IF('Ground-Truth'!C2<>"Ja","-",COUNTIFS('Benchmark-Runs'!$C$2:$C$161,E32,'Benchmark-Runs'!$B$2:$B$161,F32)) -> 5
A33: 1 | B33: ='Ground-Truth'!B2 -> Deckschicht | C33: =IF('Ground-Truth'!C2="Ja","✓ Ausgewertet","⊘ Ausgeschlossen") -> ✓ Ausgewertet | D33: ='Ground-Truth'!D2 -> 864 | E33: gpt-5.2-chat | F33: C8_BatchFiltered_NoName | G33: =IF('Ground-Truth'!C2<>"Ja","-",IFERROR(H33/I33*100,"-")) -> 100 | H33: =IF('Ground-Truth'!C2<>"Ja","-",SUMIFS('Benchmark-Runs'!$P$2:$P$161,'Benchmark-Runs'!$C$2:$C$161,E33,'Benchmark-Runs'!$B$2:$B$161,F33)) -> 5 | I33: =IF('Ground-Truth'!C2<>"Ja","-",COUNTIFS('Benchmark-Runs'!$C$2:$C$161,E33,'Benchmark-Runs'!$B$2:$B$161,F33)) -> 5
A34: 2 | B34: ='Ground-Truth'!B3 -> Binderschicht | C34: =IF('Ground-Truth'!C3="Ja","✓ Ausgewertet","⊘ Ausgeschlossen") -> ✓ Ausgewertet | D34: ='Ground-Truth'!D3 -> 38 | E34: gpt-4o-mini | F34: C1_Hybrid | G34: =IF('Ground-Truth'!C3<>"Ja","-",IFERROR(H34/I34*100,"-")) -> 100 | H34: =IF('Ground-Truth'!C3<>"Ja","-",SUMIFS('Benchmark-Runs'!$Q$2:$Q$161,'Benchmark-Runs'!$C$2:$C$161,E34,'Benchmark-Runs'!$B$2:$B$161,F34)) -> 5 | I34: =IF('Ground-Truth'!C3<>"Ja","-",COUNTIFS('Benchmark-Runs'!$C$2:$C$161,E34,'Benchmark-Runs'!$B$2:$B$161,F34)) -> 5
A35: 2 | B35: ='Ground-Truth'!B3 -> Binderschicht | C35: =IF('Ground-Truth'!C3="Ja","✓ Ausgewertet","⊘ Ausgeschlossen") -> ✓ Ausgewertet | D35: ='Ground-Truth'!D3 -> 38 | E35: gpt-4o-mini | F35: C2_Precision | G35: =IF('Ground-Truth'!C3<>"Ja","-",IFERROR(H35/I35*100,"-")) -> 100 | H35: =IF('Ground-Truth'!C3<>"Ja","-",SUMIFS('Benchmark-Runs'!$Q$2:$Q$161,'Benchmark-Runs'!$C$2:$C$161,E35,'Benchmark-Runs'!$B$2:$B$161,F35)) -> 5 | I35: =IF('Ground-Truth'!C3<>"Ja","-",COUNTIFS('Benchmark-Runs'!$C$2:$C$161,E35,'Benchmark-Runs'!$B$2:$B$161,F35)) -> 5
A36: 2 | B36: ='Ground-Truth'!B3 -> Binderschicht | C36: =IF('Ground-Truth'!C3="Ja","✓ Ausgewertet","⊘ Ausgeschlossen") -> ✓ Ausgewertet | D36: ='Ground-Truth'!D3 -> 38 | E36: gpt-4o-mini | F36: C3_Single | G36: =IF('Ground-Truth'!C3<>"Ja","-",IFERROR(H36/I36*100,"-")) -> 100 | H36: =IF('Ground-Truth'!C3<>"Ja","-",SUMIFS('Benchmark-Runs'!$Q$2:$Q$161,'Benchmark-Runs'!$C$2:$C$161,E36,'Benchmark-Runs'!$B$2:$B$161,F36)) -> 5 | I36: =IF('Ground-Truth'!C3<>"Ja","-",COUNTIFS('Benchmark-Runs'!$C$2:$C$161,E36,'Benchmark-Runs'!$B$2:$B$161,F36)) -> 5
A37: 2 | B37: ='Ground-Truth'!B3 -> Binderschicht | C37: =IF('Ground-Truth'!C3="Ja","✓ Ausgewertet","⊘ Ausgeschlossen") -> ✓ Ausgewertet | D37: ='Ground-Truth'!D3 -> 38 | E37: gpt-4o-mini | F37: C4_Baseline | G37: =IF('Ground-Truth'!C3<>"Ja","-",IFERROR(H37/I37*100,"-")) -> 100 | H37: =IF('Ground-Truth'!C3<>"Ja","-",SUMIFS('Benchmark-Runs'!$Q$2:$Q$161,'Benchmark-Runs'!$C$2:$C$161,E37,'Benchmark-Runs'!$B$2:$B$161,F37)) -> 5 | I37: =IF('Ground-Truth'!C3<>"Ja","-",COUNTIFS('Benchmark-Runs'!$C$2:$C$161,E37,'Benchmark-Runs'!$B$2:$B$161,F37)) -> 5
A38: 2 | B38: ='Ground-Truth'!B3 -> Binderschicht | C38: =IF('Ground-Truth'!C3="Ja","✓ Ausgewertet","⊘ Ausgeschlossen") -> ✓ Ausgewertet | D38: ='Ground-Truth'!D3 -> 38 | E38: gpt-4o-mini | F38: C5_BatchFiltered | G38: =IF('Ground-Truth'!C3<>"Ja","-",IFERROR(H38/I38*100,"-")) -> 100 | H38: =IF('Ground-Truth'!C3<>"Ja","-",SUMIFS('Benchmark-Runs'!$Q$2:$Q$161,'Benchmark-Runs'!$C$2:$C$161,E38,'Benchmark-Runs'!$B$2:$B$161,F38)) -> 5 | I38: =IF('Ground-Truth'!C3<>"Ja","-",COUNTIFS('Benchmark-Runs'!$C$2:$C$161,E38,'Benchmark-Runs'!$B$2:$B$161,F38)) -> 5
A39: 2 | B39: ='Ground-Truth'!B3 -> Binderschicht | C39: =IF('Ground-Truth'!C3="Ja","✓ Ausgewertet","⊘ Ausgeschlossen") -> ✓ Ausgewertet | D39: ='Ground-Truth'!D3 -> 38 | E39: gpt-4o-mini | F39: C6_BatchOnly | G39: =IF('Ground-Truth'!C3<>"Ja","-",IFERROR(H39/I39*100,"-")) -> 100 | H39: =IF('Ground-Truth'!C3<>"Ja","-",SUMIFS('Benchmark-Runs'!$Q$2:$Q$161,'Benchmark-Runs'!$C$2:$C$161,E39,'Benchmark-Runs'!$B$2:$B$161,F39)) -> 5 | I39: =IF('Ground-Truth'!C3<>"Ja","-",COUNTIFS('Benchmark-Runs'!$C$2:$C$161,E39,'Benchmark-Runs'!$B$2:$B$161,F39)) -> 5
A40: 2 | B40: ='Ground-Truth'!B3 -> Binderschicht | C40: =IF('Ground-Truth'!C3="Ja","✓ Ausgewertet","⊘ Ausgeschlossen") -> ✓ Ausgewertet | D40: ='Ground-Truth'!D3 -> 38 | E40: gpt-4o-mini | F40: C7_FilterOnly | G40: =IF('Ground-Truth'!C3<>"Ja","-",IFERROR(H40/I40*100,"-")) -> 100 | H40: =IF('Ground-Truth'!C3<>"Ja","-",SUMIFS('Benchmark-Runs'!$Q$2:$Q$161,'Benchmark-Runs'!$C$2:$C$161,E40,'Benchmark-Runs'!$B$2:$B$161,F40)) -> 5 | I40: =IF('Ground-Truth'!C3<>"Ja","-",COUNTIFS('Benchmark-Runs'!$C$2:$C$161,E40,'Benchmark-Runs'!$B$2:$B$161,F40)) -> 5
A41: 2 | B41: ='Ground-Truth'!B3 -> Binderschicht | C41: =IF('Ground-Truth'!C3="Ja","✓ Ausgewertet","⊘ Ausgeschlossen") -> ✓ Ausgewertet | D41: ='Ground-Truth'!D3 -> 38 | E41: gpt-4o-mini | F41: C8_BatchFiltered_NoName | G41: =IF('Ground-Truth'!C3<>"Ja","-",IFERROR(H41/I41*100,"-")) -> 100 | H41: =IF('Ground-Truth'!C3<>"Ja","-",SUMIFS('Benchmark-Runs'!$Q$2:$Q$161,'Benchmark-Runs'!$C$2:$C$161,E41,'Benchmark-Runs'!$B$2:$B$161,F41)) -> 5 | I41: =IF('Ground-Truth'!C3<>"Ja","-",COUNTIFS('Benchmark-Runs'!$C$2:$C$161,E41,'Benchmark-Runs'!$B$2:$B$161,F41)) -> 5
A42: 2 | B42: ='Ground-Truth'!B3 -> Binderschicht | C42: =IF('Ground-Truth'!C3="Ja","✓ Ausgewertet","⊘ Ausgeschlossen") -> ✓ Ausgewertet | D42: ='Ground-Truth'!D3 -> 38 | E42: gpt-5-nano | F42: C1_Hybrid | G42: =IF('Ground-Truth'!C3<>"Ja","-",IFERROR(H42/I42*100,"-")) -> 100 | H42: =IF('Ground-Truth'!C3<>"Ja","-",SUMIFS('Benchmark-Runs'!$Q$2:$Q$161,'Benchmark-Runs'!$C$2:$C$161,E42,'Benchmark-Runs'!$B$2:$B$161,F42)) -> 5 | I42: =IF('Ground-Truth'!C3<>"Ja","-",COUNTIFS('Benchmark-Runs'!$C$2:$C$161,E42,'Benchmark-Runs'!$B$2:$B$161,F42)) -> 5
A43: 2 | B43: ='Ground-Truth'!B3 -> Binderschicht | C43: =IF('Ground-Truth'!C3="Ja","✓ Ausgewertet","⊘ Ausgeschlossen") -> ✓ Ausgewertet | D43: ='Ground-Truth'!D3 -> 38 | E43: gpt-5-nano | F43: C2_Precision | G43: =IF('Ground-Truth'!C3<>"Ja","-",IFERROR(H43/I43*100,"-")) -> 100 | H43: =IF('Ground-Truth'!C3<>"Ja","-",SUMIFS('Benchmark-Runs'!$Q$2:$Q$161,'Benchmark-Runs'!$C$2:$C$161,E43,'Benchmark-Runs'!$B$2:$B$161,F43)) -> 5 | I43: =IF('Ground-Truth'!C3<>"Ja","-",COUNTIFS('Benchmark-Runs'!$C$2:$C$161,E43,'Benchmark-Runs'!$B$2:$B$161,F43)) -> 5
A44: 2 | B44: ='Ground-Truth'!B3 -> Binderschicht | C44: =IF('Ground-Truth'!C3="Ja","✓ Ausgewertet","⊘ Ausgeschlossen") -> ✓ Ausgewertet | D44: ='Ground-Truth'!D3 -> 38 | E44: gpt-5-nano | F44: C3_Single | G44: =IF('Ground-Truth'!C3<>"Ja","-",IFERROR(H44/I44*100,"-")) -> 100 | H44: =IF('Ground-Truth'!C3<>"Ja","-",SUMIFS('Benchmark-Runs'!$Q$2:$Q$161,'Benchmark-Runs'!$C$2:$C$161,E44,'Benchmark-Runs'!$B$2:$B$161,F44)) -> 5 | I44: =IF('Ground-Truth'!C3<>"Ja","-",COUNTIFS('Benchmark-Runs'!$C$2:$C$161,E44,'Benchmark-Runs'!$B$2:$B$161,F44)) -> 5
A45: 2 | B45: ='Ground-Truth'!B3 -> Binderschicht | C45: =IF('Ground-Truth'!C3="Ja","✓ Ausgewertet","⊘ Ausgeschlossen") -> ✓ Ausgewertet | D45: ='Ground-Truth'!D3 -> 38 | E45: gpt-5-nano | F45: C4_Baseline | G45: =IF('Ground-Truth'!C3<>"Ja","-",IFERROR(H45/I45*100,"-")) -> 100 | H45: =IF('Ground-Truth'!C3<>"Ja","-",SUMIFS('Benchmark-Runs'!$Q$2:$Q$161,'Benchmark-Runs'!$C$2:$C$161,E45,'Benchmark-Runs'!$B$2:$B$161,F45)) -> 5 | I45: =IF('Ground-Truth'!C3<>"Ja","-",COUNTIFS('Benchmark-Runs'!$C$2:$C$161,E45,'Benchmark-Runs'!$B$2:$B$161,F45)) -> 5
A46: 2 | B46: ='Ground-Truth'!B3 -> Binderschicht | C46: =IF('Ground-Truth'!C3="Ja","✓ Ausgewertet","⊘ Ausgeschlossen") -> ✓ Ausgewertet | D46: ='Ground-Truth'!D3 -> 38 | E46: gpt-5-nano | F46: C5_BatchFiltered | G46: =IF('Ground-Truth'!C3<>"Ja","-",IFERROR(H46/I46*100,"-")) -> 100 | H46: =IF('Ground-Truth'!C3<>"Ja","-",SUMIFS('Benchmark-Runs'!$Q$2:$Q$161,'Benchmark-Runs'!$C$2:$C$161,E46,'Benchmark-Runs'!$B$2:$B$161,F46)) -> 5 | I46: =IF('Ground-Truth'!C3<>"Ja","-",COUNTIFS('Benchmark-Runs'!$C$2:$C$161,E46,'Benchmark-Runs'!$B$2:$B$161,F46)) -> 5
A47: 2 | B47: ='Ground-Truth'!B3 -> Binderschicht | C47: =IF('Ground-Truth'!C3="Ja","✓ Ausgewertet","⊘ Ausgeschlossen") -> ✓ Ausgewertet | D47: ='Ground-Truth'!D3 -> 38 | E47: gpt-5-nano | F47: C6_BatchOnly | G47: =IF('Ground-Truth'!C3<>"Ja","-",IFERROR(H47/I47*100,"-")) -> 100 | H47: =IF('Ground-Truth'!C3<>"Ja","-",SUMIFS('Benchmark-Runs'!$Q$2:$Q$161,'Benchmark-Runs'!$C$2:$C$161,E47,'Benchmark-Runs'!$B$2:$B$161,F47)) -> 5 | I47: =IF('Ground-Truth'!C3<>"Ja","-",COUNTIFS('Benchmark-Runs'!$C$2:$C$161,E47,'Benchmark-Runs'!$B$2:$B$161,F47)) -> 5
A48: 2 | B48: ='Ground-Truth'!B3 -> Binderschicht | C48: =IF('Ground-Truth'!C3="Ja","✓ Ausgewertet","⊘ Ausgeschlossen") -> ✓ Ausgewertet | D48: ='Ground-Truth'!D3 -> 38 | E48: gpt-5-nano | F48: C7_FilterOnly | G48: =IF('Ground-Truth'!C3<>"Ja","-",IFERROR(H48/I48*100,"-")) -> 100 | H48: =IF('Ground-Truth'!C3<>"Ja","-",SUMIFS('Benchmark-Runs'!$Q$2:$Q$161,'Benchmark-Runs'!$C$2:$C$161,E48,'Benchmark-Runs'!$B$2:$B$161,F48)) -> 5 | I48: =IF('Ground-Truth'!C3<>"Ja","-",COUNTIFS('Benchmark-Runs'!$C$2:$C$161,E48,'Benchmark-Runs'!$B$2:$B$161,F48)) -> 5
A49: 2 | B49: ='Ground-Truth'!B3 -> Binderschicht | C49: =IF('Ground-Truth'!C3="Ja","✓ Ausgewertet","⊘ Ausgeschlossen") -> ✓ Ausgewertet | D49: ='Ground-Truth'!D3 -> 38 | E49: gpt-5-nano | F49: C8_BatchFiltered_NoName | G49: =IF('Ground-Truth'!C3<>"Ja","-",IFERROR(H49/I49*100,"-")) -> 100 | H49: =IF('Ground-Truth'!C3<>"Ja","-",SUMIFS('Benchmark-Runs'!$Q$2:$Q$161,'Benchmark-Runs'!$C$2:$C$161,E49,'Benchmark-Runs'!$B$2:$B$161,F49)) -> 5 | I49: =IF('Ground-Truth'!C3<>"Ja","-",COUNTIFS('Benchmark-Runs'!$C$2:$C$161,E49,'Benchmark-Runs'!$B$2:$B$161,F49)) -> 5
A50: 2 | B50: ='Ground-Truth'!B3 -> Binderschicht | C50: =IF('Ground-Truth'!C3="Ja","✓ Ausgewertet","⊘ Ausgeschlossen") -> ✓ Ausgewertet | D50: ='Ground-Truth'!D3 -> 38 | E50: gpt-5-chat | F50: C1_Hybrid | G50: =IF('Ground-Truth'!C3<>"Ja","-",IFERROR(H50/I50*100,"-")) -> 100 | H50: =IF('Ground-Truth'!C3<>"Ja","-",SUMIFS('Benchmark-Runs'!$Q$2:$Q$161,'Benchmark-Runs'!$C$2:$C$161,E50,'Benchmark-Runs'!$B$2:$B$161,F50)) -> 5 | I50: =IF('Ground-Truth'!C3<>"Ja","-",COUNTIFS('Benchmark-Runs'!$C$2:$C$161,E50,'Benchmark-Runs'!$B$2:$B$161,F50)) -> 5
A51: 2 | B51: ='Ground-Truth'!B3 -> Binderschicht | C51: =IF('Ground-Truth'!C3="Ja","✓ Ausgewertet","⊘ Ausgeschlossen") -> ✓ Ausgewertet | D51: ='Ground-Truth'!D3 -> 38 | E51: gpt-5-chat | F51: C2_Precision | G51: =IF('Ground-Truth'!C3<>"Ja","-",IFERROR(H51/I51*100,"-")) -> 100 | H51: =IF('Ground-Truth'!C3<>"Ja","-",SUMIFS('Benchmark-Runs'!$Q$2:$Q$161,'Benchmark-Runs'!$C$2:$C$161,E51,'Benchmark-Runs'!$B$2:$B$161,F51)) -> 5 | I51: =IF('Ground-Truth'!C3<>"Ja","-",COUNTIFS('Benchmark-Runs'!$C$2:$C$161,E51,'Benchmark-Runs'!$B$2:$B$161,F51)) -> 5
A52: 2 | B52: ='Ground-Truth'!B3 -> Binderschicht | C52: =IF('Ground-Truth'!C3="Ja","✓ Ausgewertet","⊘ Ausgeschlossen") -> ✓ Ausgewertet | D52: ='Ground-Truth'!D3 -> 38 | E52: gpt-5-chat | F52: C3_Single | G52: =IF('Ground-Truth'!C3<>"Ja","-",IFERROR(H52/I52*100,"-")) -> 100 | H52: =IF('Ground-Truth'!C3<>"Ja","-",SUMIFS('Benchmark-Runs'!$Q$2:$Q$161,'Benchmark-Runs'!$C$2:$C$161,E52,'Benchmark-Runs'!$B$2:$B$161,F52)) -> 5 | I52: =IF('Ground-Truth'!C3<>"Ja","-",COUNTIFS('Benchmark-Runs'!$C$2:$C$161,E52,'Benchmark-Runs'!$B$2:$B$161,F52)) -> 5
A53: 2 | B53: ='Ground-Truth'!B3 -> Binderschicht | C53: =IF('Ground-Truth'!C3="Ja","✓ Ausgewertet","⊘ Ausgeschlossen") -> ✓ Ausgewertet | D53: ='Ground-Truth'!D3 -> 38 | E53: gpt-5-chat | F53: C4_Baseline | G53: =IF('Ground-Truth'!C3<>"Ja","-",IFERROR(H53/I53*100,"-")) -> 100 | H53: =IF('Ground-Truth'!C3<>"Ja","-",SUMIFS('Benchmark-Runs'!$Q$2:$Q$161,'Benchmark-Runs'!$C$2:$C$161,E53,'Benchmark-Runs'!$B$2:$B$161,F53)) -> 5 | I53: =IF('Ground-Truth'!C3<>"Ja","-",COUNTIFS('Benchmark-Runs'!$C$2:$C$161,E53,'Benchmark-Runs'!$B$2:$B$161,F53)) -> 5
A54: 2 | B54: ='Ground-Truth'!B3 -> Binderschicht | C54: =IF('Ground-Truth'!C3="Ja","✓ Ausgewertet","⊘ Ausgeschlossen") -> ✓ Ausgewertet | D54: ='Ground-Truth'!D3 -> 38 | E54: gpt-5-chat | F54: C5_BatchFiltered | G54: =IF('Ground-Truth'!C3<>"Ja","-",IFERROR(H54/I54*100,"-")) -> 100 | H54: =IF('Ground-Truth'!C3<>"Ja","-",SUMIFS('Benchmark-Runs'!$Q$2:$Q$161,'Benchmark-Runs'!$C$2:$C$161,E54,'Benchmark-Runs'!$B$2:$B$161,F54)) -> 5 | I54: =IF('Ground-Truth'!C3<>"Ja","-",COUNTIFS('Benchmark-Runs'!$C$2:$C$161,E54,'Benchmark-Runs'!$B$2:$B$161,F54)) -> 5
A55: 2 | B55: ='Ground-Truth'!B3 -> Binderschicht | C55: =IF('Ground-Truth'!C3="Ja","✓ Ausgewertet","⊘ Ausgeschlossen") -> ✓ Ausgewertet | D55: ='Ground-Truth'!D3 -> 38 | E55: gpt-5-chat | F55: C6_BatchOnly | G55: =IF('Ground-Truth'!C3<>"Ja","-",IFERROR(H55/I55*100,"-")) -> 100 | H55: =IF('Ground-Truth'!C3<>"Ja","-",SUMIFS('Benchmark-Runs'!$Q$2:$Q$161,'Benchmark-Runs'!$C$2:$C$161,E55,'Benchmark-Runs'!$B$2:$B$161,F55)) -> 5 | I55: =IF('Ground-Truth'!C3<>"Ja","-",COUNTIFS('Benchmark-Runs'!$C$2:$C$161,E55,'Benchmark-Runs'!$B$2:$B$161,F55)) -> 5
A56: 2 | B56: ='Ground-Truth'!B3 -> Binderschicht | C56: =IF('Ground-Truth'!C3="Ja","✓ Ausgewertet","⊘ Ausgeschlossen") -> ✓ Ausgewertet | D56: ='Ground-Truth'!D3 -> 38 | E56: gpt-5-chat | F56: C7_FilterOnly | G56: =IF('Ground-Truth'!C3<>"Ja","-",IFERROR(H56/I56*100,"-")) -> 100 | H56: =IF('Ground-Truth'!C3<>"Ja","-",SUMIFS('Benchmark-Runs'!$Q$2:$Q$161,'Benchmark-Runs'!$C$2:$C$161,E56,'Benchmark-Runs'!$B$2:$B$161,F56)) -> 5 | I56: =IF('Ground-Truth'!C3<>"Ja","-",COUNTIFS('Benchmark-Runs'!$C$2:$C$161,E56,'Benchmark-Runs'!$B$2:$B$161,F56)) -> 5
A57: 2 | B57: ='Ground-Truth'!B3 -> Binderschicht | C57: =IF('Ground-Truth'!C3="Ja","✓ Ausgewertet","⊘ Ausgeschlossen") -> ✓ Ausgewertet | D57: ='Ground-Truth'!D3 -> 38 | E57: gpt-5-chat | F57: C8_BatchFiltered_NoName | G57: =IF('Ground-Truth'!C3<>"Ja","-",IFERROR(H57/I57*100,"-")) -> 100 | H57: =IF('Ground-Truth'!C3<>"Ja","-",SUMIFS('Benchmark-Runs'!$Q$2:$Q$161,'Benchmark-Runs'!$C$2:$C$161,E57,'Benchmark-Runs'!$B$2:$B$161,F57)) -> 5 | I57: =IF('Ground-Truth'!C3<>"Ja","-",COUNTIFS('Benchmark-Runs'!$C$2:$C$161,E57,'Benchmark-Runs'!$B$2:$B$161,F57)) -> 5
A58: 2 | B58: ='Ground-Truth'!B3 -> Binderschicht | C58: =IF('Ground-Truth'!C3="Ja","✓ Ausgewertet","⊘ Ausgeschlossen") -> ✓ Ausgewertet | D58: ='Ground-Truth'!D3 -> 38 | E58: gpt-5.2-chat | F58: C1_Hybrid | G58: =IF('Ground-Truth'!C3<>"Ja","-",IFERROR(H58/I58*100,"-")) -> 100 | H58: =IF('Ground-Truth'!C3<>"Ja","-",SUMIFS('Benchmark-Runs'!$Q$2:$Q$161,'Benchmark-Runs'!$C$2:$C$161,E58,'Benchmark-Runs'!$B$2:$B$161,F58)) -> 5 | I58: =IF('Ground-Truth'!C3<>"Ja","-",COUNTIFS('Benchmark-Runs'!$C$2:$C$161,E58,'Benchmark-Runs'!$B$2:$B$161,F58)) -> 5
A59: 2 | B59: ='Ground-Truth'!B3 -> Binderschicht | C59: =IF('Ground-Truth'!C3="Ja","✓ Ausgewertet","⊘ Ausgeschlossen") -> ✓ Ausgewertet | D59: ='Ground-Truth'!D3 -> 38 | E59: gpt-5.2-chat | F59: C2_Precision | G59: =IF('Ground-Truth'!C3<>"Ja","-",IFERROR(H59/I59*100,"-")) -> 100 | H59: =IF('Ground-Truth'!C3<>"Ja","-",SUMIFS('Benchmark-Runs'!$Q$2:$Q$161,'Benchmark-Runs'!$C$2:$C$161,E59,'Benchmark-Runs'!$B$2:$B$161,F59)) -> 5 | I59: =IF('Ground-Truth'!C3<>"Ja","-",COUNTIFS('Benchmark-Runs'!$C$2:$C$161,E59,'Benchmark-Runs'!$B$2:$B$161,F59)) -> 5
A60: 2 | B60: ='Ground-Truth'!B3 -> Binderschicht | C60: =IF('Ground-Truth'!C3="Ja","✓ Ausgewertet","⊘ Ausgeschlossen") -> ✓ Ausgewertet | D60: ='Ground-Truth'!D3 -> 38 | E60: gpt-5.2-chat | F60: C3_Single | G60: =IF('Ground-Truth'!C3<>"Ja","-",IFERROR(H60/I60*100,"-")) -> 100 | H60: =IF('Ground-Truth'!C3<>"Ja","-",SUMIFS('Benchmark-Runs'!$Q$2:$Q$161,'Benchmark-Runs'!$C$2:$C$161,E60,'Benchmark-Runs'!$B$2:$B$161,F60)) -> 5 | I60: =IF('Ground-Truth'!C3<>"Ja","-",COUNTIFS('Benchmark-Runs'!$C$2:$C$161,E60,'Benchmark-Runs'!$B$2:$B$161,F60)) -> 5
A61: 2 | B61: ='Ground-Truth'!B3 -> Binderschicht | C61: =IF('Ground-Truth'!C3="Ja","✓ Ausgewertet","⊘ Ausgeschlossen") -> ✓ Ausgewertet | D61: ='Ground-Truth'!D3 -> 38 | E61: gpt-5.2-chat | F61: C4_Baseline | G61: =IF('Ground-Truth'!C3<>"Ja","-",IFERROR(H61/I61*100,"-")) -> 100 | H61: =IF('Ground-Truth'!C3<>"Ja","-",SUMIFS('Benchmark-Runs'!$Q$2:$Q$161,'Benchmark-Runs'!$C$2:$C$161,E61,'Benchmark-Runs'!$B$2:$B$161,F61)) -> 5 | I61: =IF('Ground-Truth'!C3<>"Ja","-",COUNTIFS('Benchmark-Runs'!$C$2:$C$161,E61,'Benchmark-Runs'!$B$2:$B$161,F61)) -> 5
A62: 2 | B62: ='Ground-Truth'!B3 -> Binderschicht | C62: =IF('Ground-Truth'!C3="Ja","✓ Ausgewertet","⊘ Ausgeschlossen") -> ✓ Ausgewertet | D62: ='Ground-Truth'!D3 -> 38 | E62: gpt-5.2-chat | F62: C5_BatchFiltered | G62: =IF('Ground-Truth'!C3<>"Ja","-",IFERROR(H62/I62*100,"-")) -> 80 | H62: =IF('Ground-Truth'!C3<>"Ja","-",SUMIFS('Benchmark-Runs'!$Q$2:$Q$161,'Benchmark-Runs'!$C$2:$C$161,E62,'Benchmark-Runs'!$B$2:$B$161,F62)) -> 4 | I62: =IF('Ground-Truth'!C3<>"Ja","-",COUNTIFS('Benchmark-Runs'!$C$2:$C$161,E62,'Benchmark-Runs'!$B$2:$B$161,F62)) -> 5
A63: 2 | B63: ='Ground-Truth'!B3 -> Binderschicht | C63: =IF('Ground-Truth'!C3="Ja","✓ Ausgewertet","⊘ Ausgeschlossen") -> ✓ Ausgewertet | D63: ='Ground-Truth'!D3 -> 38 | E63: gpt-5.2-chat | F63: C6_BatchOnly | G63: =IF('Ground-Truth'!C3<>"Ja","-",IFERROR(H63/I63*100,"-")) -> 100 | H63: =IF('Ground-Truth'!C3<>"Ja","-",SUMIFS('Benchmark-Runs'!$Q$2:$Q$161,'Benchmark-Runs'!$C$2:$C$161,E63,'Benchmark-Runs'!$B$2:$B$161,F63)) -> 5 | I63: =IF('Ground-Truth'!C3<>"Ja","-",COUNTIFS('Benchmark-Runs'!$C$2:$C$161,E63,'Benchmark-Runs'!$B$2:$B$161,F63)) -> 5
A64: 2 | B64: ='Ground-Truth'!B3 -> Binderschicht | C64: =IF('Ground-Truth'!C3="Ja","✓ Ausgewertet","⊘ Ausgeschlossen") -> ✓ Ausgewertet | D64: ='Ground-Truth'!D3 -> 38 | E64: gpt-5.2-chat | F64: C7_FilterOnly | G64: =IF('Ground-Truth'!C3<>"Ja","-",IFERROR(H64/I64*100,"-")) -> 100 | H64: =IF('Ground-Truth'!C3<>"Ja","-",SUMIFS('Benchmark-Runs'!$Q$2:$Q$161,'Benchmark-Runs'!$C$2:$C$161,E64,'Benchmark-Runs'!$B$2:$B$161,F64)) -> 5 | I64: =IF('Ground-Truth'!C3<>"Ja","-",COUNTIFS('Benchmark-Runs'!$C$2:$C$161,E64,'Benchmark-Runs'!$B$2:$B$161,F64)) -> 5
A65: 2 | B65: ='Ground-Truth'!B3 -> Binderschicht | C65: =IF('Ground-Truth'!C3="Ja","✓ Ausgewertet","⊘ Ausgeschlossen") -> ✓ Ausgewertet | D65: ='Ground-Truth'!D3 -> 38 | E65: gpt-5.2-chat | F65: C8_BatchFiltered_NoName | G65: =IF('Ground-Truth'!C3<>"Ja","-",IFERROR(H65/I65*100,"-")) -> 80 | H65: =IF('Ground-Truth'!C3<>"Ja","-",SUMIFS('Benchmark-Runs'!$Q$2:$Q$161,'Benchmark-Runs'!$C$2:$C$161,E65,'Benchmark-Runs'!$B$2:$B$161,F65)) -> 4 | I65: =IF('Ground-Truth'!C3<>"Ja","-",COUNTIFS('Benchmark-Runs'!$C$2:$C$161,E65,'Benchmark-Runs'!$B$2:$B$161,F65)) -> 5
A66: 3 | B66: ='Ground-Truth'!B4 -> Tragschicht | C66: =IF('Ground-Truth'!C4="Ja","✓ Ausgewertet","⊘ Ausgeschlossen") -> ✓ Ausgewertet | D66: ='Ground-Truth'!D4 -> 39 | E66: gpt-4o-mini | F66: C1_Hybrid | G66: =IF('Ground-Truth'!C4<>"Ja","-",IFERROR(H66/I66*100,"-")) -> 100 | H66: =IF('Ground-Truth'!C4<>"Ja","-",SUMIFS('Benchmark-Runs'!$R$2:$R$161,'Benchmark-Runs'!$C$2:$C$161,E66,'Benchmark-Runs'!$B$2:$B$161,F66)) -> 5 | I66: =IF('Ground-Truth'!C4<>"Ja","-",COUNTIFS('Benchmark-Runs'!$C$2:$C$161,E66,'Benchmark-Runs'!$B$2:$B$161,F66)) -> 5
A67: 3 | B67: ='Ground-Truth'!B4 -> Tragschicht | C67: =IF('Ground-Truth'!C4="Ja","✓ Ausgewertet","⊘ Ausgeschlossen") -> ✓ Ausgewertet | D67: ='Ground-Truth'!D4 -> 39 | E67: gpt-4o-mini | F67: C2_Precision | G67: =IF('Ground-Truth'!C4<>"Ja","-",IFERROR(H67/I67*100,"-")) -> 100 | H67: =IF('Ground-Truth'!C4<>"Ja","-",SUMIFS('Benchmark-Runs'!$R$2:$R$161,'Benchmark-Runs'!$C$2:$C$161,E67,'Benchmark-Runs'!$B$2:$B$161,F67)) -> 5 | I67: =IF('Ground-Truth'!C4<>"Ja","-",COUNTIFS('Benchmark-Runs'!$C$2:$C$161,E67,'Benchmark-Runs'!$B$2:$B$161,F67)) -> 5
A68: 3 | B68: ='Ground-Truth'!B4 -> Tragschicht | C68: =IF('Ground-Truth'!C4="Ja","✓ Ausgewertet","⊘ Ausgeschlossen") -> ✓ Ausgewertet | D68: ='Ground-Truth'!D4 -> 39 | E68: gpt-4o-mini | F68: C3_Single | G68: =IF('Ground-Truth'!C4<>"Ja","-",IFERROR(H68/I68*100,"-")) -> 100 | H68: =IF('Ground-Truth'!C4<>"Ja","-",SUMIFS('Benchmark-Runs'!$R$2:$R$161,'Benchmark-Runs'!$C$2:$C$161,E68,'Benchmark-Runs'!$B$2:$B$161,F68)) -> 5 | I68: =IF('Ground-Truth'!C4<>"Ja","-",COUNTIFS('Benchmark-Runs'!$C$2:$C$161,E68,'Benchmark-Runs'!$B$2:$B$161,F68)) -> 5
A69: 3 | B69: ='Ground-Truth'!B4 -> Tragschicht | C69: =IF('Ground-Truth'!C4="Ja","✓ Ausgewertet","⊘ Ausgeschlossen") -> ✓ Ausgewertet | D69: ='Ground-Truth'!D4 -> 39 | E69: gpt-4o-mini | F69: C4_Baseline | G69: =IF('Ground-Truth'!C4<>"Ja","-",IFERROR(H69/I69*100,"-")) -> 100 | H69: =IF('Ground-Truth'!C4<>"Ja","-",SUMIFS('Benchmark-Runs'!$R$2:$R$161,'Benchmark-Runs'!$C$2:$C$161,E69,'Benchmark-Runs'!$B$2:$B$161,F69)) -> 5 | I69: =IF('Ground-Truth'!C4<>"Ja","-",COUNTIFS('Benchmark-Runs'!$C$2:$C$161,E69,'Benchmark-Runs'!$B$2:$B$161,F69)) -> 5
A70: 3 | B70: ='Ground-Truth'!B4 -> Tragschicht | C70: =IF('Ground-Truth'!C4="Ja","✓ Ausgewertet","⊘ Ausgeschlossen") -> ✓ Ausgewertet | D70: ='Ground-Truth'!D4 -> 39 | E70: gpt-4o-mini | F70: C5_BatchFiltered | G70: =IF('Ground-Truth'!C4<>"Ja","-",IFERROR(H70/I70*100,"-")) -> 100 | H70: =IF('Ground-Truth'!C4<>"Ja","-",SUMIFS('Benchmark-Runs'!$R$2:$R$161,'Benchmark-Runs'!$C$2:$C$161,E70,'Benchmark-Runs'!$B$2:$B$161,F70)) -> 5 | I70: =IF('Ground-Truth'!C4<>"Ja","-",COUNTIFS('Benchmark-Runs'!$C$2:$C$161,E70,'Benchmark-Runs'!$B$2:$B$161,F70)) -> 5
A71: 3 | B71: ='Ground-Truth'!B4 -> Tragschicht | C71: =IF('Ground-Truth'!C4="Ja","✓ Ausgewertet","⊘ Ausgeschlossen") -> ✓ Ausgewertet | D71: ='Ground-Truth'!D4 -> 39 | E71: gpt-4o-mini | F71: C6_BatchOnly | G71: =IF('Ground-Truth'!C4<>"Ja","-",IFERROR(H71/I71*100,"-")) -> 100 | H71: =IF('Ground-Truth'!C4<>"Ja","-",SUMIFS('Benchmark-Runs'!$R$2:$R$161,'Benchmark-Runs'!$C$2:$C$161,E71,'Benchmark-Runs'!$B$2:$B$161,F71)) -> 5 | I71: =IF('Ground-Truth'!C4<>"Ja","-",COUNTIFS('Benchmark-Runs'!$C$2:$C$161,E71,'Benchmark-Runs'!$B$2:$B$161,F71)) -> 5
A72: 3 | B72: ='Ground-Truth'!B4 -> Tragschicht | C72: =IF('Ground-Truth'!C4="Ja","✓ Ausgewertet","⊘ Ausgeschlossen") -> ✓ Ausgewertet | D72: ='Ground-Truth'!D4 -> 39 | E72: gpt-4o-mini | F72: C7_FilterOnly | G72: =IF('Ground-Truth'!C4<>"Ja","-",IFERROR(H72/I72*100,"-")) -> 100 | H72: =IF('Ground-Truth'!C4<>"Ja","-",SUMIFS('Benchmark-Runs'!$R$2:$R$161,'Benchmark-Runs'!$C$2:$C$161,E72,'Benchmark-Runs'!$B$2:$B$161,F72)) -> 5 | I72: =IF('Ground-Truth'!C4<>"Ja","-",COUNTIFS('Benchmark-Runs'!$C$2:$C$161,E72,'Benchmark-Runs'!$B$2:$B$161,F72)) -> 5
A73: 3 | B73: ='Ground-Truth'!B4 -> Tragschicht | C73: =IF('Ground-Truth'!C4="Ja","✓ Ausgewertet","⊘ Ausgeschlossen") -> ✓ Ausgewertet | D73: ='Ground-Truth'!D4 -> 39 | E73: gpt-4o-mini | F73: C8_BatchFiltered_NoName | G73: =IF('Ground-Truth'!C4<>"Ja","-",IFERROR(H73/I73*100,"-")) -> 100 | H73: =IF('Ground-Truth'!C4<>"Ja","-",SUMIFS('Benchmark-Runs'!$R$2:$R$161,'Benchmark-Runs'!$C$2:$C$161,E73,'Benchmark-Runs'!$B$2:$B$161,F73)) -> 5 | I73: =IF('Ground-Truth'!C4<>"Ja","-",COUNTIFS('Benchmark-Runs'!$C$2:$C$161,E73,'Benchmark-Runs'!$B$2:$B$161,F73)) -> 5
A74: 3 | B74: ='Ground-Truth'!B4 -> Tragschicht | C74: =IF('Ground-Truth'!C4="Ja","✓ Ausgewertet","⊘ Ausgeschlossen") -> ✓ Ausgewertet | D74: ='Ground-Truth'!D4 -> 39 | E74: gpt-5-nano | F74: C1_Hybrid | G74: =IF('Ground-Truth'!C4<>"Ja","-",IFERROR(H74/I74*100,"-")) -> 60 | H74: =IF('Ground-Truth'!C4<>"Ja","-",SUMIFS('Benchmark-Runs'!$R$2:$R$161,'Benchmark-Runs'!$C$2:$C$161,E74,'Benchmark-Runs'!$B$2:$B$161,F74)) -> 3 | I74: =IF('Ground-Truth'!C4<>"Ja","-",COUNTIFS('Benchmark-Runs'!$C$2:$C$161,E74,'Benchmark-Runs'!$B$2:$B$161,F74)) -> 5
A75: 3 | B75: ='Ground-Truth'!B4 -> Tragschicht | C75: =IF('Ground-Truth'!C4="Ja","✓ Ausgewertet","⊘ Ausgeschlossen") -> ✓ Ausgewertet | D75: ='Ground-Truth'!D4 -> 39 | E75: gpt-5-nano | F75: C2_Precision | G75: =IF('Ground-Truth'!C4<>"Ja","-",IFERROR(H75/I75*100,"-")) -> 100 | H75: =IF('Ground-Truth'!C4<>"Ja","-",SUMIFS('Benchmark-Runs'!$R$2:$R$161,'Benchmark-Runs'!$C$2:$C$161,E75,'Benchmark-Runs'!$B$2:$B$161,F75)) -> 5 | I75: =IF('Ground-Truth'!C4<>"Ja","-",COUNTIFS('Benchmark-Runs'!$C$2:$C$161,E75,'Benchmark-Runs'!$B$2:$B$161,F75)) -> 5
A76: 3 | B76: ='Ground-Truth'!B4 -> Tragschicht | C76: =IF('Ground-Truth'!C4="Ja","✓ Ausgewertet","⊘ Ausgeschlossen") -> ✓ Ausgewertet | D76: ='Ground-Truth'!D4 -> 39 | E76: gpt-5-nano | F76: C3_Single | G76: =IF('Ground-Truth'!C4<>"Ja","-",IFERROR(H76/I76*100,"-")) -> 80 | H76: =IF('Ground-Truth'!C4<>"Ja","-",SUMIFS('Benchmark-Runs'!$R$2:$R$161,'Benchmark-Runs'!$C$2:$C$161,E76,'Benchmark-Runs'!$B$2:$B$161,F76)) -> 4 | I76: =IF('Ground-Truth'!C4<>"Ja","-",COUNTIFS('Benchmark-Runs'!$C$2:$C$161,E76,'Benchmark-Runs'!$B$2:$B$161,F76)) -> 5
A77: 3 | B77: ='Ground-Truth'!B4 -> Tragschicht | C77: =IF('Ground-Truth'!C4="Ja","✓ Ausgewertet","⊘ Ausgeschlossen") -> ✓ Ausgewertet | D77: ='Ground-Truth'!D4 -> 39 | E77: gpt-5-nano | F77: C4_Baseline | G77: =IF('Ground-Truth'!C4<>"Ja","-",IFERROR(H77/I77*100,"-")) -> 100 | H77: =IF('Ground-Truth'!C4<>"Ja","-",SUMIFS('Benchmark-Runs'!$R$2:$R$161,'Benchmark-Runs'!$C$2:$C$161,E77,'Benchmark-Runs'!$B$2:$B$161,F77)) -> 5 | I77: =IF('Ground-Truth'!C4<>"Ja","-",COUNTIFS('Benchmark-Runs'!$C$2:$C$161,E77,'Benchmark-Runs'!$B$2:$B$161,F77)) -> 5
A78: 3 | B78: ='Ground-Truth'!B4 -> Tragschicht | C78: =IF('Ground-Truth'!C4="Ja","✓ Ausgewertet","⊘ Ausgeschlossen") -> ✓ Ausgewertet | D78: ='Ground-Truth'!D4 -> 39 | E78: gpt-5-nano | F78: C5_BatchFiltered | G78: =IF('Ground-Truth'!C4<>"Ja","-",IFERROR(H78/I78*100,"-")) -> 80 | H78: =IF('Ground-Truth'!C4<>"Ja","-",SUMIFS('Benchmark-Runs'!$R$2:$R$161,'Benchmark-Runs'!$C$2:$C$161,E78,'Benchmark-Runs'!$B$2:$B$161,F78)) -> 4 | I78: =IF('Ground-Truth'!C4<>"Ja","-",COUNTIFS('Benchmark-Runs'!$C$2:$C$161,E78,'Benchmark-Runs'!$B$2:$B$161,F78)) -> 5
A79: 3 | B79: ='Ground-Truth'!B4 -> Tragschicht | C79: =IF('Ground-Truth'!C4="Ja","✓ Ausgewertet","⊘ Ausgeschlossen") -> ✓ Ausgewertet | D79: ='Ground-Truth'!D4 -> 39 | E79: gpt-5-nano | F79: C6_BatchOnly | G79: =IF('Ground-Truth'!C4<>"Ja","-",IFERROR(H79/I79*100,"-")) -> 80 | H79: =IF('Ground-Truth'!C4<>"Ja","-",SUMIFS('Benchmark-Runs'!$R$2:$R$161,'Benchmark-Runs'!$C$2:$C$161,E79,'Benchmark-Runs'!$B$2:$B$161,F79)) -> 4 | I79: =IF('Ground-Truth'!C4<>"Ja","-",COUNTIFS('Benchmark-Runs'!$C$2:$C$161,E79,'Benchmark-Runs'!$B$2:$B$161,F79)) -> 5
A80: 3 | B80: ='Ground-Truth'!B4 -> Tragschicht | C80: =IF('Ground-Truth'!C4="Ja","✓ Ausgewertet","⊘ Ausgeschlossen") -> ✓ Ausgewertet | D80: ='Ground-Truth'!D4 -> 39 | E80: gpt-5-nano | F80: C7_FilterOnly | G80: =IF('Ground-Truth'!C4<>"Ja","-",IFERROR(H80/I80*100,"-")) -> 80 | H80: =IF('Ground-Truth'!C4<>"Ja","-",SUMIFS('Benchmark-Runs'!$R$2:$R$161,'Benchmark-Runs'!$C$2:$C$161,E80,'Benchmark-Runs'!$B$2:$B$161,F80)) -> 4 | I80: =IF('Ground-Truth'!C4<>"Ja","-",COUNTIFS('Benchmark-Runs'!$C$2:$C$161,E80,'Benchmark-Runs'!$B$2:$B$161,F80)) -> 5
A81: 3 | B81: ='Ground-Truth'!B4 -> Tragschicht | C81: =IF('Ground-Truth'!C4="Ja","✓ Ausgewertet","⊘ Ausgeschlossen") -> ✓ Ausgewertet | D81: ='Ground-Truth'!D4 -> 39 | E81: gpt-5-nano | F81: C8_BatchFiltered_NoName | G81: =IF('Ground-Truth'!C4<>"Ja","-",IFERROR(H81/I81*100,"-")) -> 100 | H81: =IF('Ground-Truth'!C4<>"Ja","-",SUMIFS('Benchmark-Runs'!$R$2:$R$161,'Benchmark-Runs'!$C$2:$C$161,E81,'Benchmark-Runs'!$B$2:$B$161,F81)) -> 5 | I81: =IF('Ground-Truth'!C4<>"Ja","-",COUNTIFS('Benchmark-Runs'!$C$2:$C$161,E81,'Benchmark-Runs'!$B$2:$B$161,F81)) -> 5
A82: 3 | B82: ='Ground-Truth'!B4 -> Tragschicht | C82: =IF('Ground-Truth'!C4="Ja","✓ Ausgewertet","⊘ Ausgeschlossen") -> ✓ Ausgewertet | D82: ='Ground-Truth'!D4 -> 39 | E82: gpt-5-chat | F82: C1_Hybrid | G82: =IF('Ground-Truth'!C4<>"Ja","-",IFERROR(H82/I82*100,"-")) -> 100 | H82: =IF('Ground-Truth'!C4<>"Ja","-",SUMIFS('Benchmark-Runs'!$R$2:$R$161,'Benchmark-Runs'!$C$2:$C$161,E82,'Benchmark-Runs'!$B$2:$B$161,F82)) -> 5 | I82: =IF('Ground-Truth'!C4<>"Ja","-",COUNTIFS('Benchmark-Runs'!$C$2:$C$161,E82,'Benchmark-Runs'!$B$2:$B$161,F82)) -> 5
A83: 3 | B83: ='Ground-Truth'!B4 -> Tragschicht | C83: =IF('Ground-Truth'!C4="Ja","✓ Ausgewertet","⊘ Ausgeschlossen") -> ✓ Ausgewertet | D83: ='Ground-Truth'!D4 -> 39 | E83: gpt-5-chat | F83: C2_Precision | G83: =IF('Ground-Truth'!C4<>"Ja","-",IFERROR(H83/I83*100,"-")) -> 100 | H83: =IF('Ground-Truth'!C4<>"Ja","-",SUMIFS('Benchmark-Runs'!$R$2:$R$161,'Benchmark-Runs'!$C$2:$C$161,E83,'Benchmark-Runs'!$B$2:$B$161,F83)) -> 5 | I83: =IF('Ground-Truth'!C4<>"Ja","-",COUNTIFS('Benchmark-Runs'!$C$2:$C$161,E83,'Benchmark-Runs'!$B$2:$B$161,F83)) -> 5
A84: 3 | B84: ='Ground-Truth'!B4 -> Tragschicht | C84: =IF('Ground-Truth'!C4="Ja","✓ Ausgewertet","⊘ Ausgeschlossen") -> ✓ Ausgewertet | D84: ='Ground-Truth'!D4 -> 39 | E84: gpt-5-chat | F84: C3_Single | G84: =IF('Ground-Truth'!C4<>"Ja","-",IFERROR(H84/I84*100,"-")) -> 100 | H84: =IF('Ground-Truth'!C4<>"Ja","-",SUMIFS('Benchmark-Runs'!$R$2:$R$161,'Benchmark-Runs'!$C$2:$C$161,E84,'Benchmark-Runs'!$B$2:$B$161,F84)) -> 5 | I84: =IF('Ground-Truth'!C4<>"Ja","-",COUNTIFS('Benchmark-Runs'!$C$2:$C$161,E84,'Benchmark-Runs'!$B$2:$B$161,F84)) -> 5
A85: 3 | B85: ='Ground-Truth'!B4 -> Tragschicht | C85: =IF('Ground-Truth'!C4="Ja","✓ Ausgewertet","⊘ Ausgeschlossen") -> ✓ Ausgewertet | D85: ='Ground-Truth'!D4 -> 39 | E85: gpt-5-chat | F85: C4_Baseline | G85: =IF('Ground-Truth'!C4<>"Ja","-",IFERROR(H85/I85*100,"-")) -> 100 | H85: =IF('Ground-Truth'!C4<>"Ja","-",SUMIFS('Benchmark-Runs'!$R$2:$R$161,'Benchmark-Runs'!$C$2:$C$161,E85,'Benchmark-Runs'!$B$2:$B$161,F85)) -> 5 | I85: =IF('Ground-Truth'!C4<>"Ja","-",COUNTIFS('Benchmark-Runs'!$C$2:$C$161,E85,'Benchmark-Runs'!$B$2:$B$161,F85)) -> 5
A86: 3 | B86: ='Ground-Truth'!B4 -> Tragschicht | C86: =IF('Ground-Truth'!C4="Ja","✓ Ausgewertet","⊘ Ausgeschlossen") -> ✓ Ausgewertet | D86: ='Ground-Truth'!D4 -> 39 | E86: gpt-5-chat | F86: C5_BatchFiltered | G86: =IF('Ground-Truth'!C4<>"Ja","-",IFERROR(H86/I86*100,"-")) -> 100 | H86: =IF('Ground-Truth'!C4<>"Ja","-",SUMIFS('Benchmark-Runs'!$R$2:$R$161,'Benchmark-Runs'!$C$2:$C$161,E86,'Benchmark-Runs'!$B$2:$B$161,F86)) -> 5 | I86: =IF('Ground-Truth'!C4<>"Ja","-",COUNTIFS('Benchmark-Runs'!$C$2:$C$161,E86,'Benchmark-Runs'!$B$2:$B$161,F86)) -> 5
A87: 3 | B87: ='Ground-Truth'!B4 -> Tragschicht | C87: =IF('Ground-Truth'!C4="Ja","✓ Ausgewertet","⊘ Ausgeschlossen") -> ✓ Ausgewertet | D87: ='Ground-Truth'!D4 -> 39 | E87: gpt-5-chat | F87: C6_BatchOnly | G87: =IF('Ground-Truth'!C4<>"Ja","-",IFERROR(H87/I87*100,"-")) -> 100 | H87: =IF('Ground-Truth'!C4<>"Ja","-",SUMIFS('Benchmark-Runs'!$R$2:$R$161,'Benchmark-Runs'!$C$2:$C$161,E87,'Benchmark-Runs'!$B$2:$B$161,F87)) -> 5 | I87: =IF('Ground-Truth'!C4<>"Ja","-",COUNTIFS('Benchmark-Runs'!$C$2:$C$161,E87,'Benchmark-Runs'!$B$2:$B$161,F87)) -> 5
A88: 3 | B88: ='Ground-Truth'!B4 -> Tragschicht | C88: =IF('Ground-Truth'!C4="Ja","✓ Ausgewertet","⊘ Ausgeschlossen") -> ✓ Ausgewertet | D88: ='Ground-Truth'!D4 -> 39 | E88: gpt-5-chat | F88: C7_FilterOnly | G88: =IF('Ground-Truth'!C4<>"Ja","-",IFERROR(H88/I88*100,"-")) -> 100 | H88: =IF('Ground-Truth'!C4<>"Ja","-",SUMIFS('Benchmark-Runs'!$R$2:$R$161,'Benchmark-Runs'!$C$2:$C$161,E88,'Benchmark-Runs'!$B$2:$B$161,F88)) -> 5 | I88: =IF('Ground-Truth'!C4<>"Ja","-",COUNTIFS('Benchmark-Runs'!$C$2:$C$161,E88,'Benchmark-Runs'!$B$2:$B$161,F88)) -> 5
A89: 3 | B89: ='Ground-Truth'!B4 -> Tragschicht | C89: =IF('Ground-Truth'!C4="Ja","✓ Ausgewertet","⊘ Ausgeschlossen") -> ✓ Ausgewertet | D89: ='Ground-Truth'!D4 -> 39 | E89: gpt-5-chat | F89: C8_BatchFiltered_NoName | G89: =IF('Ground-Truth'!C4<>"Ja","-",IFERROR(H89/I89*100,"-")) -> 100 | H89: =IF('Ground-Truth'!C4<>"Ja","-",SUMIFS('Benchmark-Runs'!$R$2:$R$161,'Benchmark-Runs'!$C$2:$C$161,E89,'Benchmark-Runs'!$B$2:$B$161,F89)) -> 5 | I89: =IF('Ground-Truth'!C4<>"Ja","-",COUNTIFS('Benchmark-Runs'!$C$2:$C$161,E89,'Benchmark-Runs'!$B$2:$B$161,F89)) -> 5
A90: 3 | B90: ='Ground-Truth'!B4 -> Tragschicht | C90: =IF('Ground-Truth'!C4="Ja","✓ Ausgewertet","⊘ Ausgeschlossen") -> ✓ Ausgewertet | D90: ='Ground-Truth'!D4 -> 39 | E90: gpt-5.2-chat | F90: C1_Hybrid | G90: =IF('Ground-Truth'!C4<>"Ja","-",IFERROR(H90/I90*100,"-")) -> 100 | H90: =IF('Ground-Truth'!C4<>"Ja","-",SUMIFS('Benchmark-Runs'!$R$2:$R$161,'Benchmark-Runs'!$C$2:$C$161,E90,'Benchmark-Runs'!$B$2:$B$161,F90)) -> 5 | I90: =IF('Ground-Truth'!C4<>"Ja","-",COUNTIFS('Benchmark-Runs'!$C$2:$C$161,E90,'Benchmark-Runs'!$B$2:$B$161,F90)) -> 5
A91: 3 | B91: ='Ground-Truth'!B4 -> Tragschicht | C91: =IF('Ground-Truth'!C4="Ja","✓ Ausgewertet","⊘ Ausgeschlossen") -> ✓ Ausgewertet | D91: ='Ground-Truth'!D4 -> 39 | E91: gpt-5.2-chat | F91: C2_Precision | G91: =IF('Ground-Truth'!C4<>"Ja","-",IFERROR(H91/I91*100,"-")) -> 100 | H91: =IF('Ground-Truth'!C4<>"Ja","-",SUMIFS('Benchmark-Runs'!$R$2:$R$161,'Benchmark-Runs'!$C$2:$C$161,E91,'Benchmark-Runs'!$B$2:$B$161,F91)) -> 5 | I91: =IF('Ground-Truth'!C4<>"Ja","-",COUNTIFS('Benchmark-Runs'!$C$2:$C$161,E91,'Benchmark-Runs'!$B$2:$B$161,F91)) -> 5
A92: 3 | B92: ='Ground-Truth'!B4 -> Tragschicht | C92: =IF('Ground-Truth'!C4="Ja","✓ Ausgewertet","⊘ Ausgeschlossen") -> ✓ Ausgewertet | D92: ='Ground-Truth'!D4 -> 39 | E92: gpt-5.2-chat | F92: C3_Single | G92: =IF('Ground-Truth'!C4<>"Ja","-",IFERROR(H92/I92*100,"-")) -> 100 | H92: =IF('Ground-Truth'!C4<>"Ja","-",SUMIFS('Benchmark-Runs'!$R$2:$R$161,'Benchmark-Runs'!$C$2:$C$161,E92,'Benchmark-Runs'!$B$2:$B$161,F92)) -> 5 | I92: =IF('Ground-Truth'!C4<>"Ja","-",COUNTIFS('Benchmark-Runs'!$C$2:$C$161,E92,'Benchmark-Runs'!$B$2:$B$161,F92)) -> 5
A93: 3 | B93: ='Ground-Truth'!B4 -> Tragschicht | C93: =IF('Ground-Truth'!C4="Ja","✓ Ausgewertet","⊘ Ausgeschlossen") -> ✓ Ausgewertet | D93: ='Ground-Truth'!D4 -> 39 | E93: gpt-5.2-chat | F93: C4_Baseline | G93: =IF('Ground-Truth'!C4<>"Ja","-",IFERROR(H93/I93*100,"-")) -> 100 | H93: =IF('Ground-Truth'!C4<>"Ja","-",SUMIFS('Benchmark-Runs'!$R$2:$R$161,'Benchmark-Runs'!$C$2:$C$161,E93,'Benchmark-Runs'!$B$2:$B$161,F93)) -> 5 | I93: =IF('Ground-Truth'!C4<>"Ja","-",COUNTIFS('Benchmark-Runs'!$C$2:$C$161,E93,'Benchmark-Runs'!$B$2:$B$161,F93)) -> 5
A94: 3 | B94: ='Ground-Truth'!B4 -> Tragschicht | C94: =IF('Ground-Truth'!C4="Ja","✓ Ausgewertet","⊘ Ausgeschlossen") -> ✓ Ausgewertet | D94: ='Ground-Truth'!D4 -> 39 | E94: gpt-5.2-chat | F94: C5_BatchFiltered | G94: =IF('Ground-Truth'!C4<>"Ja","-",IFERROR(H94/I94*100,"-")) -> 80 | H94: =IF('Ground-Truth'!C4<>"Ja","-",SUMIFS('Benchmark-Runs'!$R$2:$R$161,'Benchmark-Runs'!$C$2:$C$161,E94,'Benchmark-Runs'!$B$2:$B$161,F94)) -> 4 | I94: =IF('Ground-Truth'!C4<>"Ja","-",COUNTIFS('Benchmark-Runs'!$C$2:$C$161,E94,'Benchmark-Runs'!$B$2:$B$161,F94)) -> 5
A95: 3 | B95: ='Ground-Truth'!B4 -> Tragschicht | C95: =IF('Ground-Truth'!C4="Ja","✓ Ausgewertet","⊘ Ausgeschlossen") -> ✓ Ausgewertet | D95: ='Ground-Truth'!D4 -> 39 | E95: gpt-5.2-chat | F95: C6_BatchOnly | G95: =IF('Ground-Truth'!C4<>"Ja","-",IFERROR(H95/I95*100,"-")) -> 100 | H95: =IF('Ground-Truth'!C4<>"Ja","-",SUMIFS('Benchmark-Runs'!$R$2:$R$161,'Benchmark-Runs'!$C$2:$C$161,E95,'Benchmark-Runs'!$B$2:$B$161,F95)) -> 5 | I95: =IF('Ground-Truth'!C4<>"Ja","-",COUNTIFS('Benchmark-Runs'!$C$2:$C$161,E95,'Benchmark-Runs'!$B$2:$B$161,F95)) -> 5
A96: 3 | B96: ='Ground-Truth'!B4 -> Tragschicht | C96: =IF('Ground-Truth'!C4="Ja","✓ Ausgewertet","⊘ Ausgeschlossen") -> ✓ Ausgewertet | D96: ='Ground-Truth'!D4 -> 39 | E96: gpt-5.2-chat | F96: C7_FilterOnly | G96: =IF('Ground-Truth'!C4<>"Ja","-",IFERROR(H96/I96*100,"-")) -> 100 | H96: =IF('Ground-Truth'!C4<>"Ja","-",SUMIFS('Benchmark-Runs'!$R$2:$R$161,'Benchmark-Runs'!$C$2:$C$161,E96,'Benchmark-Runs'!$B$2:$B$161,F96)) -> 5 | I96: =IF('Ground-Truth'!C4<>"Ja","-",COUNTIFS('Benchmark-Runs'!$C$2:$C$161,E96,'Benchmark-Runs'!$B$2:$B$161,F96)) -> 5
A97: 3 | B97: ='Ground-Truth'!B4 -> Tragschicht | C97: =IF('Ground-Truth'!C4="Ja","✓ Ausgewertet","⊘ Ausgeschlossen") -> ✓ Ausgewertet | D97: ='Ground-Truth'!D4 -> 39 | E97: gpt-5.2-chat | F97: C8_BatchFiltered_NoName | G97: =IF('Ground-Truth'!C4<>"Ja","-",IFERROR(H97/I97*100,"-")) -> 100 | H97: =IF('Ground-Truth'!C4<>"Ja","-",SUMIFS('Benchmark-Runs'!$R$2:$R$161,'Benchmark-Runs'!$C$2:$C$161,E97,'Benchmark-Runs'!$B$2:$B$161,F97)) -> 5 | I97: =IF('Ground-Truth'!C4<>"Ja","-",COUNTIFS('Benchmark-Runs'!$C$2:$C$161,E97,'Benchmark-Runs'!$B$2:$B$161,F97)) -> 5
A98: 4 | B98: ='Ground-Truth'!B5 -> Schottertrag | C98: =IF('Ground-Truth'!C5="Ja","✓ Ausgewertet","⊘ Ausgeschlossen") -> ⊘ Ausgeschlossen | D98: ='Ground-Truth'!D5 -> 0 | E98: gpt-4o-mini | F98: C1_Hybrid | G98: =IF('Ground-Truth'!C5<>"Ja","-",IFERROR(H98/I98*100,"-")) -> - | H98: =IF('Ground-Truth'!C5<>"Ja","-",SUMIFS('Benchmark-Runs'!$S$2:$S$161,'Benchmark-Runs'!$C$2:$C$161,E98,'Benchmark-Runs'!$B$2:$B$161,F98)) -> - | I98: =IF('Ground-Truth'!C5<>"Ja","-",COUNTIFS('Benchmark-Runs'!$C$2:$C$161,E98,'Benchmark-Runs'!$B$2:$B$161,F98)) -> -
A99: 4 | B99: ='Ground-Truth'!B5 -> Schottertrag | C99: =IF('Ground-Truth'!C5="Ja","✓ Ausgewertet","⊘ Ausgeschlossen") -> ⊘ Ausgeschlossen | D99: ='Ground-Truth'!D5 -> 0 | E99: gpt-4o-mini | F99: C2_Precision | G99: =IF('Ground-Truth'!C5<>"Ja","-",IFERROR(H99/I99*100,"-")) -> - | H99: =IF('Ground-Truth'!C5<>"Ja","-",SUMIFS('Benchmark-Runs'!$S$2:$S$161,'Benchmark-Runs'!$C$2:$C$161,E99,'Benchmark-Runs'!$B$2:$B$161,F99)) -> - | I99: =IF('Ground-Truth'!C5<>"Ja","-",COUNTIFS('Benchmark-Runs'!$C$2:$C$161,E99,'Benchmark-Runs'!$B$2:$B$161,F99)) -> -
A100: 4 | B100: ='Ground-Truth'!B5 -> Schottertrag | C100: =IF('Ground-Truth'!C5="Ja","✓ Ausgewertet","⊘ Ausgeschlossen") -> ⊘ Ausgeschlossen | D100: ='Ground-Truth'!D5 -> 0 | E100: gpt-4o-mini | F100: C3_Single | G100: =IF('Ground-Truth'!C5<>"Ja","-",IFERROR(H100/I100*100,"-")) -> - | H100: =IF('Ground-Truth'!C5<>"Ja","-",SUMIFS('Benchmark-Runs'!$S$2:$S$161,'Benchmark-Runs'!$C$2:$C$161,E100,'Benchmark-Runs'!$B$2:$B$161,F100)) -> - | I100: =IF('Ground-Truth'!C5<>"Ja","-",COUNTIFS('Benchmark-Runs'!$C$2:$C$161,E100,'Benchmark-Runs'!$B$2:$B$161,F100)) -> -
...

Sheet Benchmark-Summary
A1: Report | B1: Timestamp | C1: Config | D1: Config Beschreibung | E1: Model | F1: Avg Duration [s] | G1: Avg Cost [USD] | H1: Avg Input Tokens | I1: Avg Output Tokens | J1: Avg API Calls | K1: Error Count | L1: Anzahl Runs
A2: full_benchmark_report1.json | B2: 2026-01-22T17:23:00.260349 | C2: C1_Hybrid | D2: Batch processing with name prioritization, no pre-filter | E2: gpt-4o-mini | F2: 14.09 | G2: 0.003911 | H2: 23014 | I2: 765.6 | J2: 1 | K2: 0 | L2: 5
A3: full_benchmark_report1.json | B3: 2026-01-22T17:23:00.260349 | C3: C2_Precision | D3: Single calls with glossary pre-filter and name prioritization | E3: gpt-4o-mini | F3: 14.02 | G3: 0.00139 | H3: 6576 | I3: 672.6 | J3: 5 | K3: 0 | L3: 5
A4: full_benchmark_report1.json | B4: 2026-01-22T17:23:00.260349 | C4: C3_Single | D4: Single calls with name prioritization only, no pre-filter | E4: gpt-4o-mini | F4: 20.66 | G4: 0.01732 | H4: 112054 | I4: 853.2 | J4: 5 | K4: 0 | L4: 5
A5: full_benchmark_report1.json | B5: 2026-01-22T17:23:00.260349 | C5: C4_Baseline | D5: Single calls without any optimizations (baseline) | E5: gpt-4o-mini | F5: 28.66 | G5: 0.017584 | H5: 112054 | I5: 1293.8 | J5: 5 | K5: 0 | L5: 5
A6: full_benchmark_report1.json | B6: 2026-01-22T17:23:00.260349 | C6: C5_BatchFiltered | D6: Batch processing with glossary pre-filter and name prioritization | E6: gpt-4o-mini | F6: 8.8 | G6: 0.000941 | H6: 4419 | I6: 463.8 | J6: 1 | K6: 0 | L6: 5
A7: full_benchmark_report1.json | B7: 2026-01-22T17:23:00.260349 | C7: C1_Hybrid | D7: Batch processing with name prioritization, no pre-filter | E7: gpt-5-nano | F7: 147.84 | G7: 0.005466 | H7: 23013 | I7: 10789.6 | J7: 1 | K7: 0 | L7: 5
A8: full_benchmark_report1.json | B8: 2026-01-22T17:23:00.260349 | C8: C2_Precision | D8: Single calls with glossary pre-filter and name prioritization | E8: gpt-5-nano | F8: 197.2 | G8: 0.008682 | H8: 6571 | I8: 20883.8 | J8: 5 | K8: 0 | L8: 5
A9: full_benchmark_report1.json | B9: 2026-01-22T17:23:00.260349 | C9: C3_Single | D9: Single calls with name prioritization only, no pre-filter | E9: gpt-5-nano | F9: 226.6 | G9: 0.013002 | H9: 112049 | I9: 18498.6 | J9: 5 | K9: 0 | L9: 5
A10: full_benchmark_report1.json | B10: 2026-01-22T17:23:00.260349 | C10: C4_Baseline | D10: Single calls without any optimizations (baseline) | E10: gpt-5-nano | F10: 155.66 | G10: 0.013094 | H10: 112049 | I10: 18728.6 | J10: 5 | K10: 0 | L10: 5
A11: full_benchmark_report1.json | B11: 2026-01-22T17:23:00.260349 | C11: C5_BatchFiltered | D11: Batch processing with glossary pre-filter and name prioritization | E11: gpt-5-nano | F11: 124.67 | G11: 0.004861 | H11: 4418 | I11: 11599.8 | J11: 1 | K11: 0 | L11: 5
A12: full_benchmark_report1.json | B12: 2026-01-22T17:23:00.260349 | C12: C1_Hybrid | D12: Batch processing with name prioritization, no pre-filter | E12: gpt-5-chat | F12: 12.53 | G12: 0.044316 | H12: 23014 | I12: 1554.8 | J12: 1 | K12: 0 | L12: 5
A13: full_benchmark_report1.json | B13: 2026-01-22T17:23:00.260349 | C13: C2_Precision | D13: Single calls with glossary pre-filter and name prioritization | E13: gpt-5-chat | F13: 18.18 | G13: 0.025504 | H13: 6576 | I13: 1728.4 | J13: 5 | K13: 0 | L13: 5
... A33: full_benchmark_report2.json | B33: 2026-01-23T14:42:50.841035 | C33: C8_BatchFiltered_NoName | D33: Batch processing with glossary pre-filter, no name prioritization | E33: gpt-5.2-chat | F33: 16.04 | G33: 0.021888 | H33: 4418 | I33: 1011.2 | J33: 1 | K33: 0 | L33: 5

Sheet Benchmark-Configs
A1: Report | B1: Config Name | C1: Beschreibung | D1: PREFER_NAME_FIELD | E1: USE_GLOSSAR_FILTER | F1: USE_BATCH_MODE | G1: Base: USE_GLOSSAR | H1: Base: USE_DETAIL_MATCHING | I1: Base: MATCHING_COLUMNS | J1: Base: USE_CONFIDENCE_VALIDATION
A2: full_benchmark_report1.json | B2: C1_Hybrid | C2: Batch processing with name prioritization, no pre-filter | D2: true | E2: false | F2: true | G2: true | H2: false | I2: name,technischeBeschreibung,anmerkungen | J2: true
A3: full_benchmark_report1.json | B3: C2_Precision | C3: Single calls with glossary pre-filter and name prioritization | D3: true | E3: true | F3: false | G3: true | H3: false | I3: name,technischeBeschreibung,anmerkungen | J3: true
A4: full_benchmark_report1.json | B4: C3_Single | C4: Single calls with name prioritization only, no pre-filter | D4: true | E4: false | F4: false | G4: true | H4: false | I4: name,technischeBeschreibung,anmerkungen | J4: true
A5: full_benchmark_report1.json | B5: C4_Baseline | C5: Single calls without any optimizations (baseline) | D5: false | E5: false | F5: false | G5: true | H5: false | I5: name,technischeBeschreibung,anmerkungen | J5: true
A6: full_benchmark_report1.json | B6: C5_BatchFiltered | C6: Batch processing with glossary pre-filter and name prioritization | D6: true | E6: true | F6: true | G6: true | H6: false | I6: name,technischeBeschreibung,anmerkungen | J6: true
A7: full_benchmark_report2.json | B7: C6_BatchOnly | C7: Batch processing only (no name prioritization, no pre-filter) | D7: false | E7: false | F7: true | G7: true | H7: false | I7: name,technischeBeschreibung,anmerkungen | J7: true
A8: full_benchmark_report2.json | B8: C7_FilterOnly | C8: Single calls with glossary pre-filter only (no name prioritization) | D8: false | E8: true | F8: false | G8: true | H8: false | I8: name,technischeBeschreibung,anmerkungen | J8: true
A9: full_benchmark_report2.json | B9: C8_BatchFiltered_NoName | C9: Batch processing with glossary pre-filter, no name prioritization | D9: false | E9: true | F9: true | G9: true | H9: false | I9: name,technischeBeschreibung,anmerkungen | J9: true
